,Clean Rank,Country,Happiness Change,Happiness Score,Overall Rank,Position Change,Report Year
0,0,Denmark,-0.1422941179999997,7.693,1.0,0,2013
1,1,Norway,0.12558823500000038,7.655,2.0,1,2013
2,2,Switzerland,0.1676470590000001,7.65,3.0,3,2013
3,3,Netherlands,0.0061176470000008365,7.5120000000000005,4.0,0,2013
4,4,Sweden,0.11529411799999956,7.48,5.0,2,2013
5,5,Canada,-0.0053529409999999444,7.477,6.0,-1,2013
6,6,Finland,-0.18747058800000005,7.388999999999999,7.0,-5,2013
7,7,Austria,0.14547058799999935,7.369,8.0,5,2013
8,8,Iceland,0.4844117650000008,7.355,9.0,11,2013
9,9,Australia,0.03235294100000008,7.35,10.0,-1,2013
10,10,Israel,0.10099999999999998,7.301,11.0,3,2013
11,11,Costa Rica,0.009941176000000773,7.257000000000001,12.0,0,2013
12,12,New Zealand,-0.14370588200000078,7.221,13.0,-5,2013
13,13,United Arab Emirates,0.1792941179999996,7.144,14.0,3,2013
14,14,Panama,0.29594117600000036,7.143,15.0,6,2013
15,15,Mexico,0.35858823499999914,7.087999999999999,16.0,8,2013
16,16,United States,-0.18858823499999922,7.082000000000001,17.0,-6,2013
17,17,Ireland,-0.19458823499999944,7.0760000000000005,18.0,-8,2013
18,18,Luxembourg,0.018705881999999896,7.053999999999999,19.0,-3,2013
19,19,Venezuela,0.14488235299999896,7.039,20.0,-1,2013
20,20,Belgium,-0.13888235299999874,6.9670000000000005,21.0,-6,2013
21,21,United Kingdom,-0.03464705900000098,6.882999999999999,22.0,-4,2013
22,22,Brazil,0.16664705899999976,6.849,24.0,2,2013
23,23,France,0.0345882349999993,6.763999999999999,25.0,-1,2013
24,24,Germany,0.1308235290000006,6.672000000000001,26.0,4,2013
25,25,Chile,0.46935294100000124,6.587000000000001,28.0,14,2013
26,26,Argentina,0.3267058820000006,6.562,29.0,9,2013
27,27,Singapore,0.02835294100000052,6.546,30.0,3,2013
28,28,Trinidad and Tobago,0.2601764710000003,6.519,31.0,6,2013
29,29,Kuwait,-0.026176471000000312,6.515,32.0,-2,2013
30,30,Saudi Arabia,-0.08470588199999973,6.48,33.0,-5,2013
31,31,Cyprus,0.06599999999999984,6.466,34.0,0,2013
32,32,Colombia,0.22776470600000032,6.416,35.0,5,2013
33,33,Thailand,0.6062941180000001,6.371,36.0,14,2013
34,34,Uruguay,0.4726470589999998,6.355,37.0,11,2013
35,35,Spain,-0.407411765,6.322,38.0,-14,2013
36,36,Czech Republic,-0.039411764999999654,6.29,39.0,-4,2013
37,37,South Korea,0.6246158939999997,6.267,41.0,14,2013
38,38,Taiwan,0.24452941200000033,6.221,42.0,3,2013
39,39,Japan,0.016941176000000446,6.064,43.0,1,2013
40,40,Slovenia,0.15411764700000052,6.06,44.0,4,2013
41,41,Italy,-0.5437058820000003,6.021,45.0,-15,2013
42,42,Slovakia,0.30012582799999876,5.968999999999999,46.0,8,2013
43,43,Guatemala,-0.29382352899999997,5.965,47.0,-10,2013
44,44,Malta,0.011058823999999134,5.9639999999999995,48.0,-2,2013
45,45,Ecuador,0.43453642400000003,5.865,49.0,16,2013
46,46,Bolivia,0.21461589399999959,5.857,50.0,6,2013
47,47,Poland,0.02067549700000093,5.822,51.0,1,2013
48,48,El Salvador,-0.12041176500000006,5.809,52.0,-5,2013
49,49,Moldova,0.49298675500000044,5.791,53.0,20,2013
50,50,Paraguay,0.37502648999999977,5.779,54.0,14,2013
51,51,Peru,0.5309668869999999,5.776,55.0,20,2013
52,52,Malaysia,-0.05176470600000016,5.76,56.0,-6,2013
53,53,Kazakhstan,0.0815960260000006,5.671,57.0,1,2013
54,54,Croatia,0.018615893999999855,5.6610000000000005,58.0,-1,2013
55,55,Turkmenistan,-0.9131764710000008,5.627999999999999,59.0,-26,2013
56,56,Uzbekistan,0.4044569539999987,5.622999999999999,60.0,17,2013
57,57,Albania,0.4109271519999993,5.55,62.0,24,2013
58,58,Vietnam,0.1025364239999993,5.5329999999999995,63.0,2,2013
59,59,Hong Kong,0.0925364239999995,5.523,64.0,3,2013
60,60,Nicaragua,0.39441721900000015,5.507000000000001,65.0,22,2013
61,61,Belarus,-0.058913907000000876,5.504,66.0,-4,2013
62,62,Mauritius,-0.0064437089999991315,5.477,67.0,-3,2013
63,63,Russia,0.1659867549999996,5.4639999999999995,68.0,7,2013
64,64,Greece,-0.6826470589999998,5.435,70.0,-26,2013
65,65,Lithuania,-0.1634039739999995,5.426,71.0,-10,2013
66,66,Estonia,0.1014966890000002,5.426,72.0,0,2013
67,67,Algeria,0.044516556000000485,5.422000000000001,73.0,-2,2013
68,68,Jordan,-0.3078543050000002,5.414,74.0,-19,2013
69,69,Jamaica,-0.8142352940000004,5.374,75.0,-33,2013
70,70,Indonesia,0.1824370860000002,5.348,76.0,6,2013
71,71,Turkey,0.0999668869999999,5.345,77.0,1,2013
72,72,Libya,0.17443708600000019,5.34,78.0,3,2013
73,73,Bahrain,-0.25091390700000016,5.312,79.0,-17,2013
74,74,Montenegro,0.13343708599999982,5.2989999999999995,80.0,5,2013
75,75,Pakistan,0.12643708600000103,5.292000000000001,81.0,3,2013
76,76,Nigeria,0.40031788099999943,5.247999999999999,82.0,15,2013
77,77,Kosovo,-0.20846357599999976,5.222,83.0,-14,2013
78,78,Honduras,-0.4209139070000001,5.142,84.0,-20,2013
79,79,Portugal,-0.22350331099999998,5.101,85.0,-12,2013
80,80,Ghana,0.38829729700000026,5.091,86.0,18,2013
81,81,Ukraine,-0.02909271500000088,5.0569999999999995,87.0,3,2013
82,82,Latvia,0.2892432430000005,5.046,88.0,15,2013
83,83,Kyrgyzstan,0.19431788099999991,5.042,89.0,10,2013
84,84,Romania,-0.1325629139999993,5.033,90.0,-10,2013
85,85,Zambia,0.3032972970000003,5.006,91.0,14,2013
86,86,Philippines,0.16380794700000045,4.985,92.0,8,2013
87,87,China,0.30232432399999976,4.978,93.0,13,2013
88,88,Dominican Republic,-0.07011258300000023,4.963,95.0,-2,2013
89,89,South Africa,-0.14958278100000033,4.963,96.0,-6,2013
90,90,Lebanon,-0.10211258300000026,4.931,97.0,-5,2013
91,91,Morocco,0.10121621600000008,4.885,99.0,5,2013
92,92,Mongolia,0.29345945899999926,4.834,102.0,15,2013
93,93,Zimbabwe,0.8540270269999999,4.827,103.0,33,2013
94,94,Tunisia,-0.313072848,4.8260000000000005,104.0,-14,2013
95,95,Iraq,-0.057172184999999764,4.817,105.0,-6,2013
96,96,Serbia,0.24543243199999942,4.813,106.0,10,2013
97,97,Bosnia and Herzegovina,-0.06117218500000021,4.813,107.0,-7,2013
98,98,Bangladesh,0.00929801299999955,4.803999999999999,108.0,-3,2013
99,99,Hungary,-0.17864238399999977,4.775,110.0,-11,2013
100,100,India,-0.18164238399999988,4.772,111.0,-13,2013
101,101,Mauritania,0.13637837799999986,4.758,112.0,0,2013
102,102,Palestinian Territories,0.1594594589999998,4.7,113.0,6,2013
103,103,Iran,-0.5225629139999999,4.643,115.0,-26,2013
104,104,Azerbaijan,0.009405404999999867,4.604,116.0,0,2013
105,105,Congo (Kinshasa),0.5780000000000003,4.578,117.0,20,2013
106,106,Ethiopia,0.5069459460000001,4.561,119.0,17,2013
107,107,Uganda,0.14570270300000043,4.4430000000000005,120.0,7,2013
108,108,Myanmar,-0.8855033109999999,4.439,121.0,-40,2013
109,109,Cameroon,0.04162162200000008,4.42,122.0,4,2013
110,110,Kenya,0.24083783800000091,4.4030000000000005,123.0,9,2013
111,111,Tajikistan,-0.21459459500000033,4.38,125.0,-8,2013
112,112,Haiti,0.5572162160000005,4.341,126.0,22,2013
113,113,Sierra Leone,0.7504324320000002,4.3180000000000005,127.0,23,2013
114,114,Armenia,-0.1434594589999998,4.316,128.0,-4,2013
115,115,Congo (Brazzaville),0.48618918899999963,4.297,129.0,17,2013
116,116,Egypt,-0.5746821190000002,4.273,130.0,-24,2013
117,117,Burkina Faso,0.3400810809999997,4.2589999999999995,131.0,11,2013
118,118,Mali,0.30105405399999974,4.247,132.0,9,2013
119,119,Liberia,0.1689729730000007,4.196000000000001,133.0,5,2013
120,120,Georgia,0.2951081080000004,4.187,134.0,10,2013
121,121,Nepal,-0.30345945899999904,4.156000000000001,135.0,-12,2013
122,122,Niger,0.04389189200000043,4.152,136.0,-1,2013
123,123,Sri Lanka,-0.09224324300000042,4.151,137.0,-7,2013
124,124,Malawi,-0.5086216219999997,4.113,139.0,-22,2013
125,125,Cambodia,-0.04110810799999953,4.067,140.0,-3,2013
126,126,Chad,0.13708108100000027,4.056,141.0,3,2013
127,127,Yemen,-0.3784324320000003,4.053999999999999,142.0,-16,2013
128,128,Afghanistan,-0.20324324300000018,4.04,143.0,-11,2013
129,129,Bulgaria,0.08910810800000046,3.9810000000000003,144.0,2,2013
130,130,Botswana,-0.5975675680000001,3.97,145.0,-25,2013
131,131,Madagascar,-0.3312972969999999,3.966,146.0,-16,2013
132,132,Senegal,-0.44640540500000014,3.9589999999999996,147.0,-20,2013
133,133,Guinea,-0.3151621619999996,3.847,150.0,-13,2013
134,134,Tanzania,-0.013783783999999688,3.77,151.0,-1,2013
135,135,Rwanda,-0.4741891889999996,3.715,152.0,-17,2013
136,136,Burundi,0.030324323999999958,3.7060000000000004,153.0,-1,2013
137,137,Benin,0.041513513999999585,3.528,155.0,0,2013
138,138,Togo,-0.06399999999999961,2.9360000000000004,156.0,0,2013
139,0,Switzerland,-0.06299999999999972,7.587000000000001,1.0,2,2015
140,1,Iceland,0.20599999999999952,7.561,2.0,7,2015
141,2,Denmark,-0.16599999999999948,7.527,3.0,-2,2015
142,3,Norway,-0.133,7.522,4.0,-2,2015
143,4,Canada,-0.04999999999999982,7.4270000000000005,5.0,1,2015
144,5,Finland,0.017000000000001236,7.406000000000001,6.0,1,2015
145,6,Netherlands,-0.13400000000000123,7.377999999999999,7.0,-3,2015
146,7,Sweden,-0.11600000000000055,7.364,8.0,-3,2015
147,8,New Zealand,0.06500000000000039,7.2860000000000005,9.0,4,2015
148,9,Australia,-0.06599999999999984,7.284,10.0,0,2015
149,10,Israel,-0.023000000000000576,7.278,11.0,0,2015
150,11,Costa Rica,-0.031000000000000583,7.226,12.0,0,2015
151,12,Austria,-0.1689999999999996,7.2,13.0,-5,2015
152,13,Mexico,0.09900000000000109,7.187,14.0,2,2015
153,14,United States,0.036999999999999034,7.119,15.0,2,2015
154,15,Brazil,0.13399999999999945,6.983,16.0,7,2015
155,16,Luxembourg,-0.10799999999999876,6.946000000000001,17.0,2,2015
156,17,Ireland,-0.13600000000000012,6.94,18.0,0,2015
157,18,Belgium,-0.03000000000000025,6.937,19.0,2,2015
158,19,United Arab Emirates,-0.24300000000000033,6.901,20.0,-6,2015
159,20,United Kingdom,-0.015999999999998238,6.867000000000001,21.0,1,2015
160,21,Venezuela,-0.2290000000000001,6.81,23.0,-2,2015
161,22,Singapore,0.2519999999999989,6.797999999999999,24.0,5,2015
162,23,Panama,-0.3569999999999993,6.7860000000000005,25.0,-9,2015
163,24,Germany,0.0779999999999994,6.75,26.0,0,2015
164,25,Chile,0.0829999999999993,6.67,27.0,0,2015
165,26,France,-0.18899999999999917,6.575,29.0,-3,2015
166,27,Argentina,0.011999999999999567,6.574,30.0,-1,2015
167,28,Czech Republic,0.21499999999999986,6.505,31.0,8,2015
168,29,Uruguay,0.1299999999999999,6.485,32.0,5,2015
169,30,Colombia,0.06099999999999994,6.477,33.0,2,2015
170,31,Thailand,0.08399999999999963,6.455,34.0,2,2015
171,32,Saudi Arabia,-0.06899999999999995,6.4110000000000005,35.0,-2,2015
172,33,Spain,0.006999999999999673,6.329,36.0,2,2015
173,34,Malta,0.33800000000000097,6.3020000000000005,37.0,10,2015
174,35,Taiwan,0.07699999999999907,6.297999999999999,38.0,3,2015
175,36,Kuwait,-0.21999999999999975,6.295,39.0,-7,2015
176,37,Trinidad and Tobago,-0.35100000000000087,6.167999999999999,41.0,-9,2015
177,38,El Salvador,0.32099999999999973,6.13,42.0,10,2015
178,39,Guatemala,0.15799999999999947,6.122999999999999,43.0,4,2015
179,40,Uzbekistan,0.3799999999999999,6.002999999999999,44.0,16,2015
180,41,Slovakia,0.02600000000000069,5.995,45.0,1,2015
181,42,Japan,-0.07699999999999996,5.987,46.0,-3,2015
182,43,South Korea,-0.28300000000000036,5.984,47.0,-6,2015
183,44,Ecuador,0.10999999999999943,5.975,48.0,1,2015
184,45,Bahrain,0.6479999999999997,5.96,49.0,28,2015
185,46,Italy,-0.0730000000000004,5.9479999999999995,50.0,-5,2015
186,47,Bolivia,0.032999999999999474,5.89,51.0,-1,2015
187,48,Moldova,0.09799999999999898,5.888999999999999,52.0,1,2015
188,49,Paraguay,0.09899999999999931,5.877999999999999,53.0,1,2015
189,50,Kazakhstan,0.18400000000000016,5.855,54.0,3,2015
190,51,Slovenia,-0.21199999999999974,5.848,55.0,-11,2015
191,52,Lithuania,0.40699999999999914,5.832999999999999,56.0,13,2015
192,53,Nicaragua,0.32099999999999884,5.827999999999999,57.0,7,2015
193,54,Peru,0.04800000000000004,5.824,58.0,-3,2015
194,55,Belarus,0.30900000000000016,5.813,59.0,6,2015
195,56,Poland,-0.030999999999999694,5.791,60.0,-9,2015
196,57,Malaysia,0.009999999999999787,5.77,61.0,-5,2015
197,58,Croatia,0.09799999999999898,5.7589999999999995,62.0,-4,2015
198,59,Libya,0.4139999999999997,5.754,63.0,13,2015
199,60,Russia,0.25200000000000067,5.716,64.0,3,2015
200,61,Jamaica,0.33499999999999996,5.709,65.0,8,2015
201,62,Cyprus,-0.7770000000000001,5.689,67.0,-31,2015
202,63,Algeria,0.18299999999999983,5.605,68.0,4,2015
203,64,Kosovo,0.3669999999999991,5.5889999999999995,69.0,13,2015
204,65,Turkmenistan,-0.08000000000000007,5.547999999999999,70.0,-10,2015
205,66,Mauritius,0.0,5.477,71.0,-4,2015
206,67,Hong Kong,-0.04899999999999949,5.474,72.0,-8,2015
207,68,Estonia,0.0029999999999992255,5.428999999999999,73.0,-2,2015
208,69,Indonesia,0.051000000000000156,5.399,74.0,1,2015
209,70,Vietnam,-0.17299999999999915,5.36,75.0,-12,2015
210,71,Turkey,-0.012999999999999012,5.332000000000001,76.0,0,2015
211,72,Kyrgyzstan,0.24400000000000066,5.2860000000000005,77.0,11,2015
212,73,Nigeria,0.020000000000000462,5.268,78.0,3,2015
213,74,Azerbaijan,0.6080000000000005,5.212000000000001,80.0,30,2015
214,75,Pakistan,-0.09800000000000075,5.194,81.0,0,2015
215,76,Jordan,-0.22199999999999953,5.192,82.0,-8,2015
216,77,Montenegro,-0.10699999999999932,5.192,82.0,-3,2015
217,78,China,0.16199999999999992,5.14,84.0,9,2015
218,79,Zambia,0.12299999999999933,5.129,85.0,6,2015
219,80,Romania,0.0909999999999993,5.124,86.0,4,2015
220,81,Serbia,0.3099999999999996,5.122999999999999,87.0,15,2015
221,82,Portugal,0.001000000000000334,5.102,88.0,-3,2015
222,83,Latvia,0.0519999999999996,5.098,89.0,-1,2015
223,84,Philippines,0.08800000000000008,5.073,90.0,2,2015
224,85,Morocco,0.1280000000000001,5.013,92.0,6,2015
225,86,Albania,-0.5910000000000002,4.959,95.0,-29,2015
226,87,Bosnia and Herzegovina,0.13600000000000012,4.949,96.0,10,2015
227,88,Dominican Republic,-0.07800000000000029,4.885,98.0,0,2015
228,89,Mongolia,0.040000000000000036,4.874,100.0,3,2015
229,90,Greece,-0.5779999999999994,4.857,102.0,-26,2015
230,91,Lebanon,-0.09200000000000053,4.8389999999999995,103.0,-1,2015
231,92,Hungary,0.024999999999999467,4.8,104.0,7,2015
232,93,Honduras,-0.3540000000000001,4.788,105.0,-15,2015
233,94,Tajikistan,0.4060000000000006,4.7860000000000005,106.0,17,2015
234,95,Tunisia,-0.08700000000000063,4.739,107.0,-1,2015
235,96,Palestinian Territories,0.01499999999999968,4.715,108.0,6,2015
236,97,Bangladesh,-0.10999999999999943,4.694,109.0,1,2015
237,98,Iran,0.04300000000000015,4.686,110.0,5,2015
238,99,Ukraine,-0.37599999999999945,4.681,111.0,-18,2015
239,100,Iraq,-0.14000000000000057,4.677,112.0,-5,2015
240,101,South Africa,-0.3210000000000006,4.6419999999999995,113.0,-12,2015
241,102,Ghana,-0.4580000000000002,4.633,114.0,-22,2015
242,103,Zimbabwe,-0.21699999999999964,4.61,115.0,-10,2015
243,104,Liberia,0.375,4.571000000000001,116.0,15,2015
244,105,India,-0.20699999999999985,4.565,117.0,-5,2015
245,106,Haiti,0.1769999999999996,4.518,119.0,6,2015
246,107,Congo (Kinshasa),-0.06100000000000083,4.5169999999999995,120.0,-2,2015
247,108,Nepal,0.35799999999999876,4.513999999999999,121.0,13,2015
248,109,Ethiopia,-0.04900000000000038,4.512,122.0,-3,2015
249,110,Sierra Leone,0.18899999999999917,4.507,123.0,3,2015
250,111,Mauritania,-0.32200000000000006,4.436,124.0,-10,2015
251,112,Kenya,0.015999999999999126,4.419,125.0,-2,2015
252,113,Armenia,0.03399999999999981,4.35,127.0,1,2015
253,114,Botswana,0.36199999999999966,4.332,128.0,16,2015
254,115,Myanmar,-0.13200000000000056,4.3069999999999995,129.0,-7,2015
255,116,Georgia,0.10999999999999943,4.297,130.0,4,2015
256,117,Malawi,0.17899999999999938,4.292,131.0,7,2015
257,118,Sri Lanka,0.1200000000000001,4.271,132.0,5,2015
258,119,Cameroon,-0.16800000000000015,4.252,133.0,-10,2015
259,120,Bulgaria,0.23699999999999966,4.218,134.0,9,2015
260,121,Egypt,-0.07899999999999974,4.194,135.0,-5,2015
261,122,Yemen,0.023000000000000576,4.077,136.0,5,2015
262,123,Mali,-0.2519999999999998,3.995,138.0,-5,2015
263,124,Congo (Brazzaville),-0.30799999999999983,3.989,139.0,-9,2015
264,125,Uganda,-0.5120000000000005,3.931,141.0,-18,2015
265,126,Senegal,-0.054999999999999716,3.904,142.0,6,2015
266,127,Niger,-0.30699999999999994,3.845,144.0,-5,2015
267,128,Cambodia,-0.24800000000000022,3.819,145.0,-3,2015
268,129,Tanzania,0.01100000000000012,3.781,146.0,5,2015
269,130,Madagascar,-0.28500000000000014,3.681,147.0,1,2015
270,131,Chad,-0.38900000000000023,3.667,149.0,-5,2015
271,132,Guinea,-0.19099999999999984,3.656,150.0,1,2015
272,133,Burkina Faso,-0.6719999999999997,3.5869999999999997,152.0,-16,2015
273,134,Afghanistan,-0.46499999999999986,3.575,153.0,-6,2015
274,135,Rwanda,-0.25,3.465,154.0,0,2015
275,136,Benin,-0.18800000000000017,3.34,155.0,1,2015
276,137,Burundi,-0.8010000000000006,2.905,157.0,-1,2015
277,138,Togo,-0.09700000000000042,2.839,158.0,0,2015
278,0,Denmark,-0.001000000000000334,7.526,1.0,2,2016
279,1,Switzerland,-0.07800000000000118,7.5089999999999995,2.0,-1,2016
280,2,Iceland,-0.05999999999999961,7.501,3.0,-1,2016
281,3,Norway,-0.02400000000000091,7.497999999999999,4.0,0,2016
282,4,Finland,0.006999999999998785,7.412999999999999,5.0,1,2016
283,5,Canada,-0.023000000000000576,7.404,6.0,-1,2016
284,6,Netherlands,-0.0389999999999997,7.3389999999999995,7.0,0,2016
285,7,New Zealand,0.047999999999999154,7.334,8.0,1,2016
286,8,Australia,0.028999999999999915,7.313,9.0,1,2016
287,9,Sweden,-0.07299999999999951,7.291,10.0,-2,2016
288,10,Israel,-0.010999999999999233,7.267,11.0,0,2016
289,11,Austria,-0.0810000000000004,7.119,12.0,1,2016
290,12,United States,-0.01499999999999968,7.104,13.0,2,2016
291,13,Costa Rica,-0.13899999999999935,7.087000000000001,14.0,-2,2016
292,14,Germany,0.24399999999999977,6.994,16.0,10,2016
293,15,Brazil,-0.030999999999998806,6.952000000000001,17.0,0,2016
294,16,Belgium,-0.008000000000000895,6.928999999999999,18.0,2,2016
295,17,Ireland,-0.03300000000000036,6.907,19.0,0,2016
296,18,Luxembourg,-0.07500000000000018,6.871,20.0,-2,2016
297,19,Mexico,-0.4090000000000007,6.778,21.0,-6,2016
298,20,Singapore,-0.058999999999999275,6.739,22.0,2,2016
299,21,United Kingdom,-0.14200000000000124,6.725,23.0,-1,2016
300,22,Chile,0.03500000000000014,6.705,24.0,3,2016
301,23,Panama,-0.08499999999999996,6.7010000000000005,25.0,0,2016
302,24,Argentina,0.07600000000000051,6.65,26.0,3,2016
303,25,Czech Republic,0.09100000000000019,6.596,27.0,3,2016
304,26,United Arab Emirates,-0.3280000000000003,6.5729999999999995,28.0,-7,2016
305,27,Uruguay,0.05999999999999961,6.545,29.0,2,2016
306,28,Malta,0.18599999999999905,6.4879999999999995,30.0,6,2016
307,29,Colombia,0.0039999999999995595,6.481,31.0,1,2016
308,30,France,-0.09700000000000042,6.478,32.0,-4,2016
309,31,Thailand,0.019000000000000128,6.474,33.0,0,2016
310,32,Saudi Arabia,-0.03200000000000092,6.379,34.0,0,2016
311,33,Taiwan,0.0810000000000004,6.379,34.0,2,2016
312,34,Spain,0.03200000000000092,6.361000000000001,37.0,-1,2016
313,35,Algeria,0.75,6.355,38.0,28,2016
314,36,Guatemala,0.2010000000000005,6.324,39.0,3,2016
315,37,Kuwait,-0.05600000000000005,6.239,41.0,-1,2016
316,38,Bahrain,0.258,6.218,42.0,7,2016
317,39,Trinidad and Tobago,0.0,6.167999999999999,43.0,-2,2016
318,40,Venezuela,-0.726,6.084,44.0,-19,2016
319,41,Slovakia,0.0829999999999993,6.077999999999999,45.0,0,2016
320,42,El Salvador,-0.06200000000000028,6.068,46.0,-4,2016
321,43,Malaysia,0.23500000000000032,6.005,47.0,14,2016
322,44,Nicaragua,0.16400000000000148,5.992000000000001,48.0,9,2016
323,45,Uzbekistan,-0.015999999999999126,5.987,49.0,-5,2016
324,46,Italy,0.029000000000000803,5.977,50.0,0,2016
325,47,Ecuador,0.001000000000000334,5.976,51.0,-3,2016
326,48,Japan,-0.06599999999999984,5.921,53.0,-6,2016
327,49,Kazakhstan,0.06399999999999917,5.919,54.0,1,2016
328,50,Moldova,0.008000000000000895,5.897,55.0,-2,2016
329,51,Russia,0.13999999999999968,5.856,56.0,9,2016
330,52,Poland,0.043999999999999595,5.835,57.0,4,2016
331,53,South Korea,-0.14900000000000002,5.835,57.0,-10,2016
332,54,Bolivia,-0.06799999999999962,5.822,59.0,-7,2016
333,55,Lithuania,-0.019999999999999574,5.813,60.0,-3,2016
334,56,Belarus,-0.010999999999999233,5.8020000000000005,61.0,-1,2016
335,57,Slovenia,-0.08000000000000007,5.768,63.0,-6,2016
336,58,Peru,-0.0810000000000004,5.742999999999999,64.0,-4,2016
337,59,Turkmenistan,0.11000000000000032,5.6579999999999995,65.0,6,2016
338,60,Mauritius,0.17099999999999937,5.648,66.0,6,2016
339,61,Libya,-0.13899999999999935,5.615,67.0,-2,2016
340,62,Latvia,0.46199999999999974,5.56,68.0,21,2016
341,63,Cyprus,-0.1429999999999998,5.546,69.0,-1,2016
342,64,Paraguay,-0.33999999999999986,5.537999999999999,70.0,-15,2016
343,65,Romania,0.4039999999999999,5.528,71.0,15,2016
344,66,Estonia,0.08800000000000097,5.517,72.0,2,2016
345,67,Jamaica,-0.19899999999999984,5.51,73.0,-6,2016
346,68,Croatia,-0.2709999999999999,5.4879999999999995,74.0,-10,2016
347,69,Hong Kong,-0.016000000000000902,5.457999999999999,75.0,-2,2016
348,70,Kosovo,-0.18799999999999972,5.401,77.0,-6,2016
349,71,Turkey,0.05699999999999861,5.388999999999999,78.0,0,2016
350,72,Indonesia,-0.08499999999999996,5.314,79.0,-3,2016
351,73,Jordan,0.11099999999999977,5.303,80.0,3,2016
352,74,Azerbaijan,0.07899999999999974,5.291,81.0,0,2016
353,75,Philippines,0.20599999999999952,5.279,82.0,9,2016
354,76,China,0.10500000000000043,5.245,83.0,2,2016
355,77,Kyrgyzstan,-0.10100000000000087,5.185,85.0,-5,2016
356,78,Serbia,0.05400000000000116,5.1770000000000005,86.0,3,2016
357,79,Bosnia and Herzegovina,0.21399999999999952,5.162999999999999,87.0,8,2016
358,80,Montenegro,-0.030999999999999694,5.1610000000000005,88.0,-3,2016
359,81,Dominican Republic,0.27000000000000046,5.155,89.0,7,2016
360,82,Morocco,0.1379999999999999,5.151,90.0,3,2016
361,83,Hungary,0.34499999999999975,5.145,91.0,9,2016
362,84,Pakistan,-0.06199999999999939,5.132000000000001,92.0,-9,2016
363,85,Lebanon,0.29000000000000004,5.129,93.0,6,2016
364,86,Portugal,0.02099999999999902,5.122999999999999,94.0,-4,2016
365,87,Vietnam,-0.2990000000000004,5.061,96.0,-17,2016
366,88,Tunisia,0.30600000000000005,5.045,98.0,7,2016
367,89,Greece,0.17600000000000016,5.033,99.0,1,2016
368,90,Tajikistan,0.20999999999999996,4.996,100.0,4,2016
369,91,Mongolia,0.03300000000000036,4.907,101.0,-2,2016
370,92,Nigeria,-0.3929999999999998,4.875,103.0,-19,2016
371,93,Honduras,0.08300000000000018,4.871,104.0,0,2016
372,94,Iran,0.12699999999999978,4.813,105.0,4,2016
373,95,Zambia,-0.33399999999999963,4.795,106.0,-16,2016
374,96,Nepal,0.2790000000000008,4.793,107.0,12,2016
375,97,Palestinian Territories,0.0389999999999997,4.754,108.0,-1,2016
376,98,Albania,-0.3039999999999994,4.655,109.0,-12,2016
377,99,Bangladesh,-0.051000000000000156,4.643,110.0,-2,2016
378,100,Sierra Leone,0.1280000000000001,4.635,111.0,10,2016
379,101,Iraq,-0.10199999999999942,4.575,112.0,-1,2016
380,102,Cameroon,0.2610000000000001,4.513,114.0,17,2016
381,103,Ethiopia,-0.0039999999999995595,4.508,115.0,6,2016
382,104,South Africa,-0.18299999999999983,4.459,116.0,-3,2016
383,105,Sri Lanka,0.14400000000000013,4.415,117.0,13,2016
384,106,India,-0.16100000000000048,4.404,118.0,-1,2016
385,107,Myanmar,0.08800000000000008,4.395,119.0,8,2016
386,108,Egypt,0.16800000000000015,4.362,120.0,13,2016
387,109,Armenia,0.010000000000000675,4.36,121.0,4,2016
388,110,Kenya,-0.06299999999999972,4.356,122.0,2,2016
389,111,Ukraine,-0.3570000000000002,4.324,123.0,-12,2016
390,112,Ghana,-0.3570000000000002,4.276,124.0,-10,2016
391,113,Congo (Kinshasa),-0.24499999999999922,4.272,125.0,-6,2016
392,114,Georgia,-0.04499999999999993,4.252,126.0,2,2016
393,115,Congo (Brazzaville),0.24700000000000077,4.236000000000001,127.0,9,2016
394,116,Senegal,0.3149999999999995,4.218999999999999,128.0,10,2016
395,117,Bulgaria,-0.001000000000000334,4.217,129.0,3,2016
396,118,Mauritania,-0.23499999999999943,4.2010000000000005,130.0,-7,2016
397,119,Zimbabwe,-0.4169999999999998,4.1930000000000005,131.0,-16,2016
398,120,Malawi,-0.13599999999999923,4.156000000000001,132.0,-3,2016
399,121,Mali,0.07800000000000029,4.073,135.0,2,2016
400,122,Haiti,-0.4899999999999993,4.0280000000000005,136.0,-16,2016
401,123,Botswana,-0.3580000000000001,3.9739999999999998,137.0,-9,2016
402,124,Cambodia,0.08800000000000008,3.907,140.0,4,2016
403,125,Niger,0.01100000000000012,3.8560000000000003,142.0,2,2016
404,126,Chad,0.09600000000000009,3.763,144.0,5,2016
405,127,Burkina Faso,0.15200000000000014,3.739,145.0,6,2016
406,128,Uganda,-0.19200000000000017,3.739,145.0,-3,2016
407,129,Yemen,-0.3530000000000002,3.7239999999999998,147.0,-7,2016
408,130,Madagascar,0.01399999999999979,3.695,148.0,0,2016
409,131,Tanzania,-0.11499999999999977,3.6660000000000004,149.0,-2,2016
410,132,Liberia,-0.9490000000000007,3.622,150.0,-28,2016
411,133,Guinea,-0.04900000000000038,3.6069999999999998,151.0,-1,2016
412,134,Rwanda,0.050000000000000266,3.515,152.0,1,2016
413,135,Benin,0.14400000000000013,3.484,153.0,1,2016
414,136,Afghanistan,-0.2150000000000003,3.36,154.0,-2,2016
415,137,Togo,0.46399999999999997,3.303,155.0,1,2016
416,138,Burundi,0.0,2.905,157.0,-1,2016
417,0,Norway,0.0390001790000003,7.537000179,1.0,3,2017
418,1,Denmark,-0.004000163999999806,7.521999836,2.0,-1,2017
419,2,Iceland,0.003000187000000487,7.504000187000001,3.0,0,2017
420,3,Switzerland,-0.015000041999999603,7.493999958,4.0,-2,2017
421,4,Finland,0.05599986300000026,7.468999863,5.0,0,2017
422,5,Netherlands,0.03799985500000069,7.376999855,6.0,1,2017
423,6,Canada,-0.08800001499999954,7.315999985,7.0,-1,2017
424,7,New Zealand,-0.019999869999999476,7.31400013,8.0,0,2017
425,8,Sweden,-0.007000080000000075,7.28399992,9.0,1,2017
426,9,Australia,-0.02900007999999943,7.28399992,10.0,-1,2017
427,10,Israel,-0.05400017899999998,7.212999821,11.0,0,2017
428,11,Costa Rica,-0.008000004000000338,7.078999996,12.0,2,2017
429,12,Austria,-0.11299995799999962,7.006000042,13.0,-1,2017
430,13,United States,-0.11099996899999987,6.993000031,14.0,-1,2017
431,14,Ireland,0.07000023700000035,6.977000237,15.0,3,2017
432,15,Germany,-0.042999786000000206,6.951000214,16.0,-1,2017
433,16,Belgium,-0.03800020599999954,6.890999794,17.0,0,2017
434,17,Luxembourg,-0.008000083999999852,6.862999916000001,18.0,1,2017
435,18,United Kingdom,-0.010999774999999268,6.714000225,19.0,3,2017
436,19,Chile,-0.05300004999999963,6.65199995,20.0,3,2017
437,20,United Arab Emirates,0.07499976300000011,6.647999763,21.0,6,2017
438,21,Brazil,-0.31699977100000076,6.635000229,22.0,-6,2017
439,22,Czech Republic,0.01300020600000007,6.609000206,23.0,3,2017
440,23,Argentina,-0.05100002300000028,6.598999977,24.0,1,2017
441,24,Mexico,-0.1999999309999998,6.578000069,25.0,-5,2017
442,25,Singapore,-0.16699997299999936,6.5720000270000005,26.0,-5,2017
443,26,Malta,0.038999950000000894,6.52699995,27.0,2,2017
444,27,Uruguay,-0.09100000399999963,6.453999996,28.0,0,2017
445,28,Guatemala,0.12999999600000045,6.453999996,29.0,8,2017
446,29,Panama,-0.24899985900000043,6.452000141,30.0,-6,2017
447,30,France,-0.036000087999998875,6.441999912000001,31.0,0,2017
448,31,Thailand,-0.050000213999999765,6.423999786,32.0,0,2017
449,32,Taiwan,0.04299993100000066,6.421999931,33.0,1,2017
450,33,Spain,0.0419998779999986,6.402999877999999,34.0,1,2017
451,34,Colombia,-0.12400012600000032,6.3569998739999996,36.0,-5,2017
452,35,Saudi Arabia,-0.03500013699999993,6.343999863,37.0,-3,2017
453,36,Trinidad and Tobago,2.2100000141023202e-07,6.168000221000001,38.0,3,2017
454,37,Kuwait,-0.13399998100000055,6.105000018999999,39.0,0,2017
455,38,Slovakia,0.020000050000000158,6.09800005,40.0,3,2017
456,39,Bahrain,-0.1310001070000002,6.086999893,41.0,-1,2017
457,40,Malaysia,0.07900011100000004,6.084000111,42.0,3,2017
458,41,Nicaragua,0.07900009899999905,6.071000099,43.0,3,2017
459,42,Ecuador,0.03199989700000039,6.007999897,44.0,5,2017
460,43,El Salvador,-0.0650002169999997,6.002999783,45.0,-1,2017
461,44,Poland,0.1380000499999996,5.97300005,46.0,8,2017
462,45,Uzbekistan,-0.015999804999999867,5.971000195,47.0,0,2017
463,46,Italy,-0.012999774999999936,5.964000225,48.0,0,2017
464,47,Russia,0.1069998210000005,5.962999821,49.0,4,2017
465,48,Japan,-0.000999924000000263,5.920000076,51.0,0,2017
466,49,Lithuania,0.08899995000000072,5.90199995,52.0,6,2017
467,50,Algeria,-0.48299978300000035,5.872000217,53.0,-15,2017
468,51,Latvia,0.28999990500000017,5.849999905,54.0,11,2017
469,52,South Korea,0.002999821000000402,5.837999821,55.0,1,2017
470,53,Moldova,-0.059000178999999875,5.837999821,56.0,-3,2017
471,54,Romania,0.2969998089999999,5.8249998089999995,57.0,11,2017
472,55,Bolivia,0.0009999540000000806,5.822999954,58.0,-1,2017
473,56,Turkmenistan,0.16400002700000105,5.8220000270000005,59.0,3,2017
474,57,Kazakhstan,-0.10000023299999938,5.818999767,60.0,-8,2017
475,58,Slovenia,-0.010000102999999427,5.757999897,62.0,-1,2017
476,59,Peru,-0.027999847000000244,5.715000152999999,63.0,-1,2017
477,60,Mauritius,-0.018999812999998866,5.629000187000001,64.0,0,2017
478,61,Cyprus,0.07499981299999892,5.620999812999999,65.0,2,2017
479,62,Estonia,0.09400006100000002,5.611000061,66.0,4,2017
480,63,Belarus,-0.23300023300000028,5.568999767,67.0,-7,2017
481,64,Libya,-0.08999990499999999,5.525000095,68.0,-3,2017
482,65,Turkey,0.11100000000000065,5.5,69.0,6,2017
483,66,Paraguay,-0.04499996899999914,5.493000031,70.0,-2,2017
484,67,Hong Kong,0.014000122000001447,5.472000122000001,71.0,2,2017
485,68,Philippines,0.15099982799999978,5.429999828,72.0,7,2017
486,69,Serbia,0.21799998100000018,5.394999981000001,73.0,9,2017
487,70,Jordan,0.032999966000000214,5.335999966,74.0,3,2017
488,71,Hungary,0.17899988200000028,5.323999882,75.0,12,2017
489,72,Jamaica,-0.19900012999999994,5.31099987,76.0,-5,2017
490,73,Croatia,-0.19499977899999887,5.293000221000001,77.0,-5,2017
491,74,Kosovo,-0.12200019500000003,5.278999805,78.0,-4,2017
492,75,China,0.0279997630000004,5.2729997630000005,79.0,1,2017
493,76,Pakistan,0.1370000529999995,5.269000053,80.0,8,2017
494,77,Indonesia,-0.051999916000000646,5.262000083999999,81.0,-5,2017
495,78,Venezuela,-0.8339999999999996,5.25,82.0,-38,2017
496,79,Montenegro,0.0759999889999996,5.236999989,83.0,1,2017
497,80,Morocco,0.08400013400000006,5.235000134,84.0,2,2017
498,81,Azerbaijan,-0.056999794000000215,5.234000206,85.0,-7,2017
499,82,Dominican Republic,0.07500001899999909,5.230000018999999,86.0,-1,2017
500,83,Greece,0.19400023699999913,5.2270002369999995,87.0,6,2017
501,84,Lebanon,0.09599990500000022,5.224999905,88.0,1,2017
502,85,Portugal,0.07200017200000097,5.195000172,89.0,1,2017
503,86,Bosnia and Herzegovina,0.019000160000000932,5.18200016,90.0,-7,2017
504,87,Honduras,0.31000023299999935,5.181000233,91.0,6,2017
505,88,Vietnam,0.012999881999999907,5.073999882,94.0,-1,2017
506,89,Nigeria,0.19899988199999985,5.073999882,95.0,3,2017
507,90,Tajikistan,0.04499988899999963,5.040999889,96.0,0,2017
508,91,Kyrgyzstan,-0.18099981299999968,5.004000187,98.0,-14,2017
509,92,Nepal,0.16899989299999962,4.961999893,99.0,4,2017
510,93,Mongolia,0.04799992399999997,4.954999924,100.0,-2,2017
511,94,South Africa,0.36999999600000066,4.828999996,101.0,10,2017
512,95,Tunisia,-0.24000017200000023,4.804999828,102.0,-7,2017
513,96,Palestinian Territories,0.021000095000000663,4.775000095,103.0,1,2017
514,97,Egypt,0.37300013399999976,4.735000134,104.0,11,2017
515,98,Bulgaria,0.49700022500000074,4.714000225,105.0,19,2017
516,99,Sierra Leone,0.07400011100000015,4.709000111,106.0,1,2017
517,100,Cameroon,0.1820001720000004,4.695000172,107.0,2,2017
518,101,Iran,-0.12100008799999973,4.691999912,108.0,-7,2017
519,102,Albania,-0.010999947000000176,4.644000053,109.0,-4,2017
520,103,Bangladesh,-0.03500019799999965,4.607999802,110.0,-4,2017
521,104,Kenya,0.1969999730000005,4.552999973,112.0,6,2017
522,105,Myanmar,0.15000007600000043,4.545000076,114.0,2,2017
523,106,Senegal,0.3159998470000005,4.534999847,115.0,10,2017
524,107,Zambia,-0.2810000610000003,4.513999939,116.0,-12,2017
525,108,Iraq,-0.0779997830000001,4.497000217,117.0,-7,2017
526,109,Ethiopia,-0.04799996199999956,4.460000038,119.0,-6,2017
527,110,Sri Lanka,0.025000056999999742,4.440000057,120.0,-5,2017
528,111,Armenia,0.015999927999999386,4.375999928,121.0,-2,2017
529,112,India,-0.08899994300000014,4.315000057,122.0,-6,2017
530,113,Mauritania,0.09099981699999926,4.291999817,123.0,5,2017
531,114,Congo (Brazzaville),0.05499988899999941,4.290999889,124.0,1,2017
532,115,Georgia,0.03399977499999984,4.285999775,125.0,-1,2017
533,116,Congo (Kinshasa),0.008000209999999619,4.28000021,126.0,-3,2017
534,117,Mali,0.11700005699999938,4.190000057,127.0,4,2017
535,118,Cambodia,0.26100022100000064,4.168000221000001,129.0,6,2017
536,119,Ghana,-0.15600011399999936,4.1199998860000004,131.0,-7,2017
537,120,Ukraine,-0.2279998049999996,4.096000195,132.0,-9,2017
538,121,Uganda,0.34199985100000063,4.0809998510000005,133.0,7,2017
539,122,Burkina Faso,0.2930000650000002,4.032000065,134.0,5,2017
540,123,Niger,0.17199987799999983,4.027999878,135.0,2,2017
541,124,Malawi,-0.18599997100000065,3.970000029,136.0,-4,2017
542,125,Chad,0.17300010899999974,3.9360001089999996,137.0,1,2017
543,126,Zimbabwe,-0.3180000000000005,3.875,138.0,-7,2017
544,127,Afghanistan,0.43399991000000027,3.79399991,141.0,9,2017
545,128,Botswana,-0.20799996799999976,3.766000032,142.0,-5,2017
546,129,Benin,0.1730000650000001,3.657000065,143.0,6,2017
547,130,Madagascar,-0.05099994699999977,3.644000053,144.0,0,2017
548,131,Haiti,-0.42500007400000017,3.6029999260000003,145.0,-9,2017
549,132,Yemen,-0.13100006499999983,3.592999935,146.0,-3,2017
550,133,Liberia,-0.08900000800000019,3.5329999919999997,148.0,-1,2017
551,134,Guinea,-0.10000003099999999,3.5069999689999998,149.0,-1,2017
552,135,Togo,0.1919998860000005,3.4949998860000004,150.0,2,2017
553,136,Rwanda,-0.04400004399999968,3.4709999560000004,151.0,-2,2017
554,137,Tanzania,-0.3170000230000003,3.348999977,153.0,-6,2017
555,138,Burundi,-2.89999997349355e-08,2.904999971,154.0,0,2017
556,0,Finland,0.16300013700000093,7.632000000000001,1.0,4,2018
557,1,Norway,0.056999820999999784,7.593999999999999,2.0,-1,2018
558,2,Denmark,0.03300016399999972,7.555,3.0,-1,2018
559,3,Iceland,-0.009000187000000714,7.495,4.0,-1,2018
560,4,Switzerland,-0.006999957999999751,7.487,5.0,-1,2018
561,5,Netherlands,0.06400014499999962,7.441,6.0,0,2018
562,6,Canada,0.012000014999999031,7.327999999999999,7.0,0,2018
563,7,New Zealand,0.009999869999999689,7.324,8.0,0,2018
564,8,Sweden,0.030000079999999762,7.314,9.0,0,2018
565,9,Australia,-0.011999920000000053,7.272,10.0,0,2018
566,10,United Kingdom,0.475999775,7.19,11.0,8,2018
567,11,Austria,0.1329999579999992,7.138999999999999,12.0,1,2018
568,12,Costa Rica,-0.00699999600000023,7.072,13.0,-1,2018
569,13,Ireland,-2.370000000695427e-07,6.977,14.0,1,2018
570,14,Germany,0.013999786000000292,6.965,15.0,1,2018
571,15,Belgium,0.036000206000000645,6.9270000000000005,16.0,1,2018
572,16,Luxembourg,0.04700008399999955,6.91,17.0,1,2018
573,17,United States,-0.1070000310000001,6.886,18.0,-4,2018
574,18,Israel,-0.3989998210000003,6.814,19.0,-8,2018
575,19,United Arab Emirates,0.1260002370000004,6.774,20.0,1,2018
576,20,Czech Republic,0.10199979400000014,6.711,21.0,2,2018
577,21,Malta,0.10000005000000023,6.627000000000001,22.0,5,2018
578,22,France,0.047000087999998996,6.489,23.0,8,2018
579,23,Mexico,-0.09000006900000024,6.4879999999999995,24.0,1,2018
580,24,Chile,-0.17599995000000046,6.476,25.0,-5,2018
581,25,Taiwan,0.01900006899999962,6.441,26.0,7,2018
582,26,Panama,-0.02200014100000036,6.43,27.0,3,2018
583,27,Brazil,-0.2160002290000005,6.419,28.0,-6,2018
584,28,Argentina,-0.21099997700000017,6.388,29.0,-5,2018
585,29,Guatemala,-0.07199999599999973,6.382000000000001,30.0,-1,2018
586,30,Uruguay,-0.07499999600000073,6.379,31.0,-3,2018
587,31,Saudi Arabia,0.027000137000000812,6.371,33.0,4,2018
588,32,Singapore,-0.22900002700000055,6.343,34.0,-7,2018
589,33,Malaysia,0.23799988900000013,6.322,35.0,7,2018
590,34,Spain,-0.09299987799999965,6.31,36.0,-1,2018
591,35,Colombia,-0.09699987399999976,6.26,37.0,-1,2018
592,36,Trinidad and Tobago,0.0239997789999995,6.192,38.0,0,2018
593,37,Slovakia,0.0749999499999996,6.172999999999999,39.0,1,2018
594,38,El Salvador,0.16400021700000078,6.167000000000001,40.0,5,2018
595,39,Nicaragua,0.06999990100000009,6.141,41.0,2,2018
596,40,Poland,0.14999994999999977,6.122999999999999,42.0,4,2018
597,41,Bahrain,0.018000107000000654,6.105,43.0,-2,2018
598,42,Uzbekistan,0.12499980499999985,6.096,44.0,3,2018
599,43,Kuwait,-0.022000019000000037,6.082999999999999,45.0,-6,2018
600,44,Thailand,-0.35199978600000037,6.072,46.0,-13,2018
601,45,Italy,0.03599977499999962,6.0,47.0,1,2018
602,46,Ecuador,-0.0349998970000005,5.973,48.0,-4,2018
603,47,Lithuania,0.05000005000000041,5.952000000000001,50.0,2,2018
604,48,Slovenia,0.19000010299999914,5.9479999999999995,51.0,10,2018
605,49,Romania,0.12000019100000081,5.945,52.0,5,2018
606,50,Latvia,0.08300009500000005,5.933,53.0,1,2018
607,51,Japan,-0.0050000759999999644,5.915,54.0,-3,2018
608,52,Mauritius,0.2619998129999992,5.891,55.0,8,2018
609,53,Jamaica,0.5790001299999998,5.89,56.0,19,2018
610,54,South Korea,0.03700017899999963,5.875,57.0,-2,2018
611,55,Russia,-0.15299982100000076,5.81,59.0,-8,2018
612,56,Kazakhstan,-0.028999767000000176,5.79,60.0,1,2018
613,57,Cyprus,0.14100018700000128,5.7620000000000005,61.0,4,2018
614,58,Bolivia,-0.07099995399999948,5.752000000000001,62.0,-3,2018
615,59,Estonia,0.1279999389999995,5.739,63.0,3,2018
616,60,Paraguay,0.18799996899999982,5.681,64.0,6,2018
617,61,Peru,-0.05200015299999983,5.662999999999999,65.0,-2,2018
618,62,Kosovo,0.38300019500000104,5.662000000000001,66.0,12,2018
619,63,Moldova,-0.1979998210000007,5.64,67.0,-10,2018
620,64,Turkmenistan,-0.1860000270000004,5.636,68.0,-8,2018
621,65,Hungary,0.29600011800000026,5.62,69.0,6,2018
622,66,Libya,0.040999904999999615,5.566,70.0,-2,2018
623,67,Philippines,0.09400017200000033,5.524,71.0,1,2018
624,68,Honduras,0.32299976699999977,5.504,72.0,19,2018
625,69,Belarus,-0.08599976700000056,5.483,73.0,-6,2018
626,70,Turkey,-0.017000000000000348,5.483,74.0,-5,2018
627,71,Pakistan,0.20299994700000035,5.472,75.0,5,2018
628,72,Hong Kong,-0.04200012200000103,5.43,76.0,-5,2018
629,73,Portugal,0.21499982799999984,5.41,77.0,12,2018
630,74,Serbia,0.0030000189999990212,5.398,78.0,-5,2018
631,75,Greece,0.13099976300000016,5.358,79.0,8,2018
632,76,Lebanon,0.13300009499999987,5.358,80.0,8,2018
633,77,Montenegro,0.11000001100000034,5.347,81.0,2,2018
634,78,Croatia,0.027999778999999947,5.321000000000001,82.0,-5,2018
635,79,Dominican Republic,0.07199998100000116,5.3020000000000005,83.0,3,2018
636,80,Algeria,-0.5770002170000001,5.295,84.0,-30,2018
637,81,Morocco,0.0189998659999997,5.254,85.0,-1,2018
638,82,China,-0.026999763000000065,5.246,86.0,-7,2018
639,83,Azerbaijan,-0.03300020599999964,5.2010000000000005,87.0,-2,2018
640,84,Tajikistan,0.15800011099999978,5.199,88.0,6,2018
641,85,Jordan,-0.17499996599999967,5.1610000000000005,90.0,-15,2018
642,86,Nigeria,0.0810001180000004,5.155,91.0,3,2018
643,87,Kyrgyzstan,0.1269998130000003,5.131,92.0,4,2018
644,88,Bosnia and Herzegovina,-0.05300016000000074,5.129,93.0,-2,2018
645,89,Mongolia,0.170000076,5.125,94.0,4,2018
646,90,Vietnam,0.029000117999999908,5.103,95.0,-2,2018
647,91,Indonesia,-0.16900008399999944,5.093,96.0,-14,2018
648,92,Cameroon,0.27999982799999934,4.975,99.0,8,2018
649,93,Bulgaria,0.21899977499999945,4.933,100.0,5,2018
650,94,Nepal,-0.08199989299999988,4.88,101.0,-2,2018
651,95,Venezuela,-0.44399999999999995,4.806,102.0,-17,2018
652,96,Palestinian Territories,-0.032000094999999895,4.743,104.0,0,2018
653,97,South Africa,-0.1049999960000001,4.724,105.0,-3,2018
654,98,Iran,0.015000087999999856,4.707,106.0,3,2018
655,99,Ghana,0.5370001139999996,4.657,108.0,20,2018
656,100,Senegal,0.09600015300000031,4.631,109.0,6,2018
657,101,Tunisia,-0.21299982800000006,4.592,111.0,-6,2018
658,102,Albania,-0.058000052999999774,4.586,112.0,0,2018
659,103,Sierra Leone,-0.13800011099999931,4.571000000000001,113.0,-4,2018
660,104,Congo (Brazzaville),0.2680001110000001,4.559,114.0,10,2018
661,105,Bangladesh,-0.10799980200000014,4.5,115.0,-2,2018
662,106,Sri Lanka,0.030999943000000307,4.471,116.0,4,2018
663,107,Iraq,-0.04100021699999967,4.456,117.0,1,2018
664,108,Mali,0.2569999430000003,4.447,118.0,9,2018
665,109,Cambodia,0.26499977899999916,4.433,120.0,9,2018
666,110,Burkina Faso,0.3919999349999994,4.4239999999999995,121.0,12,2018
667,111,Egypt,-0.31600013400000027,4.419,122.0,-14,2018
668,112,Kenya,-0.14299997300000022,4.41,124.0,-8,2018
669,113,Zambia,-0.13699993899999985,4.377,125.0,-6,2018
670,114,Mauritania,0.0640001830000001,4.356,126.0,-1,2018
671,115,Ethiopia,-0.1100000380000008,4.35,127.0,-6,2018
672,116,Georgia,0.054000225000000235,4.34,128.0,-1,2018
673,117,Armenia,-0.05499992799999909,4.321000000000001,129.0,-6,2018
674,118,Myanmar,-0.23700007600000017,4.308,130.0,-13,2018
675,119,Chad,0.3649998910000005,4.301,131.0,6,2018
676,120,Congo (Kinshasa),-0.035000209999999754,4.245,132.0,-4,2018
677,121,India,-0.1250000569999994,4.19,133.0,-9,2018
678,122,Niger,0.13800012200000022,4.166,134.0,1,2018
679,123,Uganda,0.08000014899999996,4.1610000000000005,135.0,-2,2018
680,124,Benin,0.48399993499999994,4.141,136.0,5,2018
681,125,Ukraine,0.006999804999999526,4.103,138.0,-5,2018
682,126,Togo,0.5040001139999992,3.9989999999999997,139.0,9,2018
683,127,Guinea,0.4570000310000002,3.964,140.0,7,2018
684,128,Madagascar,0.1299999469999995,3.7739999999999996,143.0,2,2018
685,129,Zimbabwe,-0.18300000000000027,3.6919999999999997,144.0,-3,2018
686,130,Afghanistan,-0.16199991000000047,3.6319999999999997,145.0,-3,2018
687,131,Botswana,-0.17600003200000014,3.59,146.0,-3,2018
688,132,Malawi,-0.3830000290000002,3.5869999999999997,147.0,-8,2018
689,133,Haiti,-0.020999926000000446,3.582,148.0,-2,2018
690,134,Liberia,-0.037999991999999594,3.495,149.0,-1,2018
691,135,Rwanda,-0.06299995600000052,3.408,151.0,1,2018
692,136,Yemen,-0.23799993499999994,3.355,152.0,-4,2018
693,137,Tanzania,-0.045999977000000136,3.303,153.0,0,2018
694,138,Burundi,2.89999997349355e-08,2.905,156.0,0,2018
695,0,Finland,0.13699999999999957,7.769,1.0,0,2019
696,1,Denmark,0.04499999999999993,7.6,2.0,1,2019
697,2,Norway,-0.040000000000000036,7.553999999999999,3.0,-1,2019
698,3,Iceland,-0.001000000000000334,7.494,4.0,0,2019
699,4,Netherlands,0.04699999999999971,7.4879999999999995,5.0,1,2019
700,5,Switzerland,-0.006999999999999673,7.48,6.0,-1,2019
701,6,Sweden,0.028999999999999915,7.343,7.0,2,2019
702,7,New Zealand,-0.01699999999999946,7.307,8.0,0,2019
703,8,Canada,-0.04999999999999982,7.278,9.0,-2,2019
704,9,Austria,0.1070000000000011,7.246,10.0,2,2019
705,10,Australia,-0.04400000000000048,7.228,11.0,-1,2019
706,11,Costa Rica,0.09500000000000064,7.167000000000001,12.0,1,2019
707,12,Israel,0.3249999999999993,7.138999999999999,13.0,6,2019
708,13,Luxembourg,0.17999999999999972,7.09,14.0,3,2019
709,14,United Kingdom,-0.136000000000001,7.053999999999999,15.0,-4,2019
710,15,Ireland,0.043999999999999595,7.021,16.0,-2,2019
711,16,Germany,0.020000000000000462,6.985,17.0,-2,2019
712,17,Belgium,-0.004000000000001336,6.922999999999999,18.0,-2,2019
713,18,United States,0.006000000000000227,6.892,19.0,-1,2019
714,19,Czech Republic,0.14100000000000001,6.852,20.0,1,2019
715,20,United Arab Emirates,0.051000000000000156,6.825,21.0,-1,2019
716,21,Malta,0.09899999999999931,6.726,22.0,0,2019
717,22,Mexico,0.1070000000000002,6.595,23.0,1,2019
718,23,France,0.10300000000000065,6.5920000000000005,24.0,-1,2019
719,24,Taiwan,0.005000000000000782,6.446000000000001,25.0,1,2019
720,25,Chile,-0.03200000000000003,6.444,26.0,-1,2019
721,26,Guatemala,0.05399999999999938,6.436,27.0,3,2019
722,27,Saudi Arabia,0.0039999999999995595,6.375,28.0,4,2019
723,28,Spain,0.04400000000000048,6.354,30.0,6,2019
724,29,Panama,-0.1089999999999991,6.321000000000001,31.0,-3,2019
725,30,Brazil,-0.11899999999999977,6.3,32.0,-3,2019
726,31,Uruguay,-0.0860000000000003,6.292999999999999,33.0,-1,2019
727,32,Singapore,-0.08099999999999952,6.2620000000000005,34.0,0,2019
728,33,El Salvador,0.08599999999999852,6.252999999999999,35.0,5,2019
729,34,Italy,0.22299999999999986,6.223,36.0,11,2019
730,35,Bahrain,0.09399999999999942,6.199,37.0,6,2019
731,36,Slovakia,0.025000000000000355,6.1979999999999995,38.0,1,2019
732,37,Trinidad and Tobago,0.0,6.192,39.0,-1,2019
733,38,Poland,0.05900000000000105,6.182,40.0,2,2019
734,39,Uzbekistan,0.0779999999999994,6.1739999999999995,41.0,3,2019
735,40,Lithuania,0.19699999999999918,6.149,42.0,7,2019
736,41,Colombia,-0.1349999999999998,6.125,43.0,-6,2019
737,42,Slovenia,0.16999999999999993,6.117999999999999,44.0,6,2019
738,43,Nicaragua,-0.03599999999999959,6.105,45.0,-4,2019
739,44,Kosovo,0.43799999999999883,6.1,46.0,18,2019
740,45,Argentina,-0.3019999999999996,6.086,47.0,-17,2019
741,46,Romania,0.125,6.07,48.0,3,2019
742,47,Cyprus,0.2839999999999998,6.046,49.0,10,2019
743,48,Ecuador,0.054999999999999716,6.028,50.0,-2,2019
744,49,Kuwait,-0.06199999999999939,6.021,51.0,-6,2019
745,50,Thailand,-0.06400000000000095,6.007999999999999,52.0,-6,2019
746,51,Latvia,0.007000000000000561,5.94,53.0,-1,2019
747,52,South Korea,0.019999999999999574,5.895,54.0,2,2019
748,53,Estonia,0.15399999999999991,5.893,55.0,6,2019
749,54,Jamaica,0.0,5.89,56.0,-1,2019
750,55,Mauritius,-0.0030000000000001137,5.888,57.0,-3,2019
751,56,Japan,-0.028999999999999915,5.886,58.0,-5,2019
752,57,Honduras,0.35600000000000076,5.86,59.0,11,2019
753,58,Kazakhstan,0.019000000000000128,5.809,60.0,-2,2019
754,59,Bolivia,0.026999999999999247,5.779,61.0,-1,2019
755,60,Hungary,0.137999999999999,5.757999999999999,62.0,5,2019
756,61,Paraguay,0.06199999999999939,5.742999999999999,63.0,-1,2019
757,62,Peru,0.034000000000000696,5.697,65.0,-1,2019
758,63,Portugal,0.2829999999999995,5.693,66.0,10,2019
759,64,Pakistan,0.18099999999999916,5.653,67.0,7,2019
760,65,Russia,-0.16199999999999992,5.648,68.0,-10,2019
761,66,Philippines,0.1070000000000002,5.631,69.0,1,2019
762,67,Serbia,0.20500000000000007,5.603,70.0,7,2019
763,68,Moldova,-0.11099999999999977,5.529,71.0,-5,2019
764,69,Libya,-0.04099999999999948,5.525,72.0,-3,2019
765,70,Montenegro,0.17599999999999927,5.523,73.0,7,2019
766,71,Tajikistan,0.2680000000000007,5.4670000000000005,74.0,13,2019
767,72,Croatia,0.11099999999999977,5.432,75.0,6,2019
768,73,Hong Kong,0.0,5.43,76.0,-1,2019
769,74,Dominican Republic,0.12299999999999933,5.425,77.0,5,2019
770,75,Bosnia and Herzegovina,0.25700000000000056,5.386,78.0,13,2019
771,76,Turkey,-0.11000000000000032,5.372999999999999,79.0,-6,2019
772,77,Malaysia,-0.9830000000000005,5.3389999999999995,80.0,-44,2019
773,78,Belarus,-0.16000000000000014,5.3229999999999995,81.0,-9,2019
774,79,Greece,-0.07099999999999884,5.287000000000001,82.0,-4,2019
775,80,Mongolia,0.16000000000000014,5.285,83.0,9,2019
776,81,Nigeria,0.10999999999999943,5.265,85.0,5,2019
777,82,Kyrgyzstan,0.1299999999999999,5.261,86.0,5,2019
778,83,Turkmenistan,-0.38899999999999935,5.247000000000001,87.0,-19,2019
779,84,Algeria,-0.08399999999999963,5.211,88.0,-4,2019
780,85,Morocco,-0.04600000000000026,5.207999999999999,89.0,-4,2019
781,86,Azerbaijan,0.006999999999998785,5.207999999999999,90.0,-3,2019
782,87,Lebanon,-0.1609999999999996,5.197,91.0,-11,2019
783,88,Indonesia,0.0990000000000002,5.192,92.0,3,2019
784,89,China,-0.055000000000000604,5.191,93.0,-7,2019
785,90,Vietnam,0.07200000000000006,5.175,94.0,0,2019
786,91,Cameroon,0.06899999999999995,5.044,96.0,1,2019
787,92,Bulgaria,0.07800000000000029,5.011,97.0,1,2019
788,93,Ghana,0.3390000000000004,4.996,98.0,6,2019
789,94,Nepal,0.03300000000000036,4.913,100.0,0,2019
790,95,Jordan,-0.2549999999999999,4.906000000000001,101.0,-10,2019
791,96,Benin,0.742,4.883,102.0,28,2019
792,97,Congo (Brazzaville),0.2530000000000001,4.812,103.0,7,2019
793,98,South Africa,-0.002000000000000668,4.7219999999999995,106.0,-1,2019
794,99,Albania,0.13299999999999912,4.718999999999999,107.0,3,2019
795,100,Venezuela,-0.0990000000000002,4.707,108.0,-5,2019
796,101,Cambodia,0.26700000000000035,4.7,109.0,8,2019
797,102,Palestinian Territories,-0.04699999999999971,4.696000000000001,110.0,-6,2019
798,103,Senegal,0.04999999999999982,4.681,111.0,-3,2019
799,104,Niger,0.46199999999999974,4.628,114.0,18,2019
800,105,Burkina Faso,0.16300000000000026,4.587,115.0,5,2019
801,106,Armenia,0.23799999999999955,4.559,116.0,11,2019
802,107,Iran,-0.1589999999999998,4.548,117.0,-9,2019
803,108,Guinea,0.5699999999999998,4.534,118.0,19,2019
804,109,Georgia,0.17900000000000027,4.519,119.0,7,2019
805,110,Kenya,0.09899999999999931,4.5089999999999995,121.0,2,2019
806,111,Mauritania,0.13400000000000034,4.49,122.0,3,2019
807,112,Tunisia,-0.13099999999999934,4.461,124.0,-11,2019
808,113,Bangladesh,-0.043999999999999595,4.456,125.0,-8,2019
809,114,Iraq,-0.019000000000000128,4.437,126.0,-7,2019
810,115,Congo (Kinshasa),0.17300000000000004,4.418,127.0,5,2019
811,116,Mali,-0.057000000000000384,4.39,128.0,-8,2019
812,117,Sierra Leone,-0.19700000000000095,4.374,129.0,-14,2019
813,118,Sri Lanka,-0.10499999999999954,4.3660000000000005,130.0,-12,2019
814,119,Myanmar,0.05200000000000049,4.36,131.0,-1,2019
815,120,Chad,0.04899999999999949,4.35,132.0,-1,2019
816,121,Ukraine,0.2290000000000001,4.332,133.0,4,2019
817,122,Ethiopia,-0.06399999999999917,4.2860000000000005,134.0,-7,2019
818,123,Uganda,0.02799999999999958,4.189,136.0,0,2019
819,124,Egypt,-0.2529999999999992,4.166,137.0,-13,2019
820,125,Zambia,-0.2699999999999996,4.107,138.0,-12,2019
821,126,Togo,0.0860000000000003,4.085,139.0,0,2019
822,127,India,-0.1750000000000007,4.015,140.0,-6,2019
823,128,Liberia,0.48,3.975,141.0,6,2019
824,129,Madagascar,0.1590000000000007,3.9330000000000003,143.0,-1,2019
825,130,Burundi,0.8700000000000001,3.775,145.0,8,2019
826,131,Zimbabwe,-0.02899999999999947,3.6630000000000003,146.0,-2,2019
827,132,Haiti,0.015000000000000124,3.597,147.0,1,2019
828,133,Botswana,-0.10199999999999987,3.488,148.0,-2,2019
829,134,Malawi,-0.1769999999999996,3.41,150.0,-2,2019
830,135,Yemen,0.02499999999999991,3.38,151.0,1,2019
831,136,Rwanda,-0.07400000000000029,3.3339999999999996,152.0,-1,2019
832,137,Tanzania,-0.07199999999999962,3.2310000000000003,153.0,0,2019
833,138,Afghanistan,-0.4289999999999994,3.2030000000000003,154.0,-8,2019
834,0,Finland,0.039700084999999774,7.808700085,1.0,0,2020
835,1,Denmark,0.04559984200000056,7.645599842,2.0,0,2020
836,2,Switzerland,0.07989980700000032,7.559899807000001,3.0,3,2020
837,3,Iceland,0.01049991200000111,7.504499912000001,4.0,0,2020
838,4,Norway,-0.0660000839999988,7.487999916000001,5.0,-2,2020
839,5,Netherlands,-0.03909977699999967,7.448900223,6.0,-1,2020
840,6,Sweden,0.010499889000000096,7.353499889,7.0,0,2020
841,7,New Zealand,-0.007399876000000916,7.2996001239999995,8.0,0,2020
842,8,Austria,0.048199943999999384,7.294199944,9.0,1,2020
843,9,Luxembourg,0.14750019100000067,7.2375001910000005,10.0,4,2020
844,10,Canada,-0.04589998999999967,7.23210001,11.0,-2,2020
845,11,Australia,-0.005200222000000032,7.222799778,12.0,-1,2020
846,12,United Kingdom,0.110500237000001,7.164500237,13.0,2,2020
847,13,Israel,-0.010399878999999501,7.128600121,14.0,-1,2020
848,14,Costa Rica,-0.04560012100000055,7.121399879,15.0,-3,2020
849,15,Ireland,0.0726999320000008,7.093699932000001,16.0,0,2020
850,16,Germany,0.0907999420000003,7.075799942000001,17.0,0,2020
851,17,United States,0.04759999100000023,6.939599991000001,18.0,1,2020
852,18,Czech Republic,0.058900116000000224,6.9109001160000005,19.0,1,2020
853,19,Belgium,-0.05949988199999989,6.863500117999999,20.0,-2,2020
854,20,United Arab Emirates,-0.034199905000000363,6.790800095,21.0,0,2020
855,21,Malta,0.046799968999999386,6.772799968999999,22.0,0,2020
856,22,France,0.07179976299999868,6.663799762999999,23.0,1,2020
857,23,Mexico,-0.12999984700000056,6.465000152999999,24.0,-1,2020
858,24,Taiwan,0.00939998999999947,6.45539999,25.0,0,2020
859,25,Uruguay,0.147100193,6.440100192999999,26.0,6,2020
860,26,Saudi Arabia,0.03149986299999963,6.406499863,27.0,1,2020
861,27,Spain,0.04689988700000036,6.4008998870000005,28.0,1,2020
862,28,Guatemala,-0.037099967999999706,6.398900032,29.0,-2,2020
863,29,Italy,0.16440015000000052,6.38740015,30.0,5,2020
864,30,Singapore,0.11509999100000012,6.377099991000001,31.0,2,2020
865,31,Brazil,0.0755998610000006,6.375599861,32.0,-1,2020
866,32,Slovenia,0.24539998200000124,6.363399982000001,33.0,10,2020
867,33,El Salvador,0.09529998000000095,6.34829998,34.0,0,2020
868,34,Kosovo,0.22520008100000055,6.325200081,35.0,10,2020
869,35,Panama,-0.016199966000001176,6.304800033999999,36.0,-6,2020
870,36,Slovakia,0.08260007100000077,6.280600071,37.0,0,2020
871,37,Uzbekistan,0.08359983100000079,6.257599831,38.0,2,2020
872,38,Chile,-0.21550011099999988,6.228499889,39.0,-13,2020
873,39,Bahrain,0.028300167000000265,6.227300167,40.0,-4,2020
874,40,Lithuania,0.06649987799999924,6.215499877999999,41.0,0,2020
875,41,Trinidad and Tobago,-0.00010022399999964904,6.1918997760000005,42.0,-4,2020
876,42,Poland,0.0042998010000001585,6.1862998010000005,43.0,-4,2020
877,43,Colombia,0.03840017299999943,6.163400172999999,44.0,-2,2020
878,44,Cyprus,0.11299992000000003,6.15899992,45.0,3,2020
879,45,Nicaragua,0.032100219999999346,6.13710022,46.0,-2,2020
880,46,Romania,0.053700142000000284,6.123700142000001,47.0,0,2020
881,47,Kuwait,0.08109989500000037,6.102099895,48.0,2,2020
882,48,Mauritius,0.2132997629999993,6.101299762999999,49.0,7,2020
883,49,Kazakhstan,0.24889995200000037,6.0578999520000005,50.0,9,2020
884,50,Estonia,0.12880004100000075,6.0218000410000005,51.0,3,2020
885,51,Philippines,0.3750000419999999,6.006000042,52.0,15,2020
886,52,Hungary,0.24240006600000097,6.000400066,53.0,8,2020
887,53,Thailand,-0.009200198999998577,5.9987998010000005,54.0,-3,2020
888,54,Argentina,-0.11130002600000033,5.974699974,55.0,-9,2020
889,55,Honduras,0.09319986299999883,5.953199862999999,56.0,2,2020
890,56,Latvia,0.009999808999999082,5.9499998089999995,57.0,-5,2020
891,57,Ecuador,-0.1028000139999996,5.925199986,58.0,-9,2020
892,58,Portugal,0.21790011600000092,5.9109001160000005,59.0,5,2020
893,59,Jamaica,-0.00019992799999890565,5.889800072000001,60.0,-5,2020
894,60,South Korea,-0.022600192999998825,5.872399807000001,61.0,-8,2020
895,61,Japan,-0.01519998200000039,5.870800018,62.0,-5,2020
896,62,Peru,0.09980013700000079,5.796800137000001,63.0,0,2020
897,63,Serbia,0.17520015000000022,5.77820015,64.0,4,2020
898,64,Bolivia,-0.03150005700000058,5.747499942999999,65.0,-5,2020
899,65,Pakistan,0.040299770000000734,5.69329977,66.0,-1,2020
900,66,Paraguay,-0.05089995199999997,5.6921000479999995,67.0,-5,2020
901,67,Dominican Republic,0.2641999239999997,5.6891999239999995,68.0,7,2020
902,68,Bosnia and Herzegovina,0.2880999220000007,5.674099922000001,69.0,7,2020
903,69,Moldova,0.07850007600000009,5.607500076,70.0,-1,2020
904,70,Tajikistan,0.08869982499999907,5.555699825,71.0,1,2020
905,71,Montenegro,0.02310014000000038,5.54610014,72.0,-1,2020
906,72,Russia,-0.10199999599999998,5.546000004,73.0,-7,2020
907,73,Kyrgyzstan,0.2805000920000005,5.541500092000001,74.0,9,2020
908,74,Belarus,0.21689982600000057,5.539899826,75.0,4,2020
909,75,Greece,0.22799986599999933,5.514999866,77.0,4,2020
910,76,Hong Kong,0.08039981800000007,5.510399818,78.0,-3,2020
911,77,Croatia,0.07270018399999945,5.504700184,79.0,-5,2020
912,78,Libya,-0.0361999510000004,5.488800049,80.0,-9,2020
913,79,Mongolia,0.17120012299999932,5.4562001229999995,81.0,1,2020
914,80,Malaysia,0.04530023200000066,5.384300232,82.0,-3,2020
915,81,Vietnam,0.17849988900000024,5.353499889,83.0,9,2020
916,82,Indonesia,0.09360018499999967,5.285600185,84.0,6,2020
917,83,Benin,0.3330000799999997,5.21600008,86.0,13,2020
918,84,Congo (Brazzaville),0.3823998339999992,5.1943998339999995,88.0,13,2020
919,85,Azerbaijan,-0.04319983299999919,5.164800167,89.0,1,2020
920,86,Ghana,0.15199976300000007,5.1479997630000005,91.0,7,2020
921,87,Nepal,0.2241998789999995,5.137199879,92.0,7,2020
922,88,Turkey,-0.24119982499999892,5.131800175,93.0,-12,2020
923,89,China,-0.06710006299999982,5.123899937,94.0,0,2020
924,90,Turkmenistan,-0.12789990600000145,5.119100093999999,95.0,-7,2020
925,91,Bulgaria,0.09050003399999973,5.101500034,96.0,1,2020
926,92,Morocco,-0.11320000499999949,5.094799995,97.0,-7,2020
927,93,Cameroon,0.04089990200000049,5.084899902,98.0,-2,2020
928,94,Venezuela,0.34619976799999996,5.053199768,99.0,6,2020
929,95,Algeria,-0.20590022699999988,5.005099773,100.0,-11,2020
930,96,Senegal,0.29980015199999954,4.980800152,101.0,7,2020
931,97,Guinea,0.41529981199999977,4.949299812,102.0,11,2020
932,98,Niger,0.2815997809999997,4.909599781,103.0,6,2020
933,99,Albania,0.16369996600000114,4.882699966000001,105.0,0,2020
934,100,Cambodia,0.14840011600000036,4.8484001160000005,106.0,1,2020
935,101,Bangladesh,0.376799911,4.832799911,107.0,12,2020
936,102,South Africa,0.0920997890000006,4.814099789,109.0,-4,2020
937,103,Iraq,0.3478000530000003,4.7848000530000006,110.0,11,2020
938,104,Lebanon,-0.42549988900000013,4.771500111,111.0,-17,2020
939,105,Burkina Faso,0.1817001230000006,4.768700123,112.0,0,2020
940,106,Mali,0.33930002199999976,4.729300021999999,114.0,10,2020
941,107,Nigeria,-0.5408998869999992,4.724100113,115.0,-26,2020
942,108,Armenia,0.11779977399999986,4.676799774,116.0,-2,2020
943,109,Georgia,0.15359979199999962,4.672599792,117.0,0,2020
944,110,Iran,0.12439999800000034,4.672399998,118.0,-3,2020
945,111,Jordan,-0.27260003700000013,4.6333999630000005,119.0,-16,2020
946,112,Kenya,0.07400018300000077,4.583000183,121.0,-2,2020
947,113,Ukraine,0.22869994000000027,4.56069994,123.0,8,2020
948,114,Liberia,0.5828999519999996,4.557899952,124.0,14,2020
949,115,Palestinian Territories,-0.1431998210000005,4.552800179,125.0,-13,2020
950,116,Uganda,0.24300016000000024,4.43200016,126.0,7,2020
951,117,Chad,0.07269992800000047,4.422699928,127.0,3,2020
952,118,Tunisia,-0.06880000700000011,4.392199993,128.0,-6,2020
953,119,Mauritania,-0.1154000660000003,4.374599934,129.0,-8,2020
954,120,Sri Lanka,-0.03899985900000047,4.327000141,130.0,-2,2020
955,121,Congo (Kinshasa),-0.1070001300000003,4.31099987,131.0,-6,2020
956,122,Myanmar,-0.051999912000000315,4.308000088,133.0,-3,2020
957,123,Togo,0.10220006900000023,4.187200069,135.0,3,2020
958,124,Ethiopia,-0.0997998580000008,4.186200142,136.0,-2,2020
959,125,Madagascar,0.2325998229999997,4.165599823,137.0,4,2020
960,126,Egypt,-0.014599911000000354,4.151400089,138.0,-2,2020
961,127,Sierra Leone,-0.4476000539999996,3.926399946,139.0,-10,2020
962,128,Burundi,0.0003000260000001198,3.775300026,140.0,2,2020
963,129,Zambia,-0.34760010900000005,3.759399891,141.0,-4,2020
964,130,Haiti,0.12379992299999998,3.720799923,142.0,2,2020
965,131,India,-0.4417001149999997,3.573299885,144.0,-4,2020
966,132,Malawi,0.12800010699999964,3.538000107,145.0,2,2020
967,133,Yemen,0.14740001699999983,3.5274000169999997,146.0,2,2020
968,134,Botswana,-0.009100043999999752,3.4788999560000002,147.0,-1,2020
969,135,Tanzania,0.24520010399999936,3.4762001039999997,148.0,2,2020
970,136,Rwanda,-0.021700032999999674,3.312299967,150.0,0,2020
971,137,Zimbabwe,-0.363799942,3.2992000580000003,151.0,-6,2020
972,138,Afghanistan,-0.6360999850000004,2.566900015,153.0,0,2020
