,Report Year,Overall Rank,Country,Happiness Score,Normalized Happiness Score
0,2015,1,Switzerland,7.587000000000001,0.991764705882353
1,2015,2,Iceland,7.561,1.0
2,2015,3,Denmark,7.527,0.9606531531098806
3,2015,4,Norway,7.522,0.9826257348138472
4,2015,5,Canada,7.4270000000000005,0.9926022012812721
5,2015,6,Finland,7.406000000000001,0.9484293056953794
6,2015,7,Netherlands,7.377999999999999,0.9821618743343982
7,2015,8,Sweden,7.364,0.9844919786096256
8,2015,9,New Zealand,7.2860000000000005,0.9893130990889447
9,2015,10,Australia,7.284,0.9910204081632653
10,2015,11,Israel,7.278,0.9968497466100533
11,2015,12,Costa Rica,7.226,0.9957282623673693
12,2015,13,Austria,7.2,0.9770660876645407
13,2015,14,Mexico,7.187,1.0
14,2015,15,United States,7.119,0.9791504854765029
15,2015,16,Brazil,6.983,1.0
16,2015,17,Luxembourg,6.946000000000001,0.9597236361578978
17,2015,18,Ireland,6.94,0.9545307443751834
18,2015,19,Belgium,6.937,0.976233443700528
19,2015,20,United Arab Emirates,6.901,0.9659854423292272
20,2015,21,United Kingdom,6.867000000000001,0.955076495132128
22,2015,23,Venezuela,6.81,0.9674669697400199
23,2015,24,Singapore,6.797999999999999,1.0
24,2015,25,Panama,6.7860000000000005,0.9500209995800085
25,2015,26,Germany,6.75,0.9539557442733588
26,2015,27,Chile,6.67,0.9947800149142431
28,2015,29,France,6.575,0.9720579538734477
29,2015,30,Argentina,6.574,0.9885714285714285
30,2015,31,Czech Republic,6.505,0.9412666788425624
31,2015,32,Uruguay,6.485,0.9908326967150497
32,2015,33,Colombia,6.477,0.9993828112945534
33,2015,34,Thailand,6.455,0.9970651838121718
34,2015,35,Saudi Arabia,6.4110000000000005,0.976586021557881
35,2015,36,Spain,6.329,0.940498251707146
36,2015,37,Malta,6.3020000000000005,0.9304866567512827
37,2015,38,Taiwan,6.297999999999999,0.9756173141488014
38,2015,39,Kuwait,6.295,0.9623651078530885
40,2015,41,Trinidad and Tobago,6.167999999999999,0.9461573861021628
41,2015,42,El Salvador,6.13,0.9656128442752007
42,2015,43,Guatemala,6.122999999999999,0.9487139764169282
43,2015,44,Uzbekistan,6.002999999999999,0.9593135007229577
44,2015,45,Slovakia,5.995,0.9545266267918048
45,2015,46,Japan,5.987,0.987302110817942
46,2015,47,South Korea,5.984,0.954842827509175
47,2015,48,Ecuador,5.975,0.991207697412077
48,2015,49,Bahrain,5.96,0.9570760747303478
49,2015,50,Italy,5.9479999999999995,0.9060573477189635
50,2015,51,Bolivia,5.89,1.0
51,2015,52,Moldova,5.888999999999999,0.9986433779888078
52,2015,53,Paraguay,5.877999999999999,1.0
53,2015,54,Kazakhstan,5.855,0.9665065528305707
54,2015,55,Slovenia,5.848,0.9190055656633402
55,2015,56,Lithuania,5.832999999999999,0.9384603192811776
56,2015,57,Nicaragua,5.827999999999999,0.9490311024263148
57,2015,58,Peru,5.824,1.0
58,2015,59,Belarus,5.813,1.0
59,2015,60,Poland,5.791,0.9361007688414809
60,2015,61,Malaysia,5.77,0.9126858589054097
61,2015,62,Croatia,5.7589999999999995,1.0
62,2015,63,Libya,5.754,1.0
63,2015,64,Russia,5.716,0.9585779258067162
64,2015,65,Jamaica,5.709,0.9225570342380713
66,2015,67,Cyprus,5.689,0.8798329724713888
67,2015,68,Algeria,5.605,0.8819826907946499
68,2015,69,Kosovo,5.5889999999999995,0.8836084121336428
69,2015,70,Turkmenistan,5.547999999999999,0.8481654675725074
70,2015,71,Mauritius,5.477,0.8976775789994899
71,2015,72,Hong Kong,5.474,0.9911280101394171
72,2015,73,Estonia,5.428999999999999,0.9015576676469054
73,2015,74,Indonesia,5.399,1.0
74,2015,75,Vietnam,5.36,0.9687330562082055
75,2015,76,Turkey,5.332000000000001,0.9694545454545456
76,2015,77,Kyrgyzstan,5.2860000000000005,0.953893334339405
77,2015,78,Nigeria,5.268,1.0
79,2015,80,Azerbaijan,5.212000000000001,0.9850689850689851
80,2015,81,Pakistan,5.194,0.9123004601600312
81,2015,82,Jordan,5.192,0.9073981480903855
82,2015,82,Montenegro,5.192,0.9361533093414357
83,2015,84,China,5.14,0.9747772105105629
84,2015,85,Zambia,5.129,1.0
85,2015,86,Romania,5.124,0.8367490048796709
86,2015,87,Serbia,5.122999999999999,0.8866082633015057
87,2015,88,Portugal,5.102,0.8631511106387303
88,2015,89,Latvia,5.098,0.8568067501932923
89,2015,90,Philippines,5.073,0.844655338748664
91,2015,92,Morocco,5.013,0.9541301865245528
94,2015,95,Albania,4.959,0.8935135135135135
95,2015,96,Bosnia and Herzegovina,4.949,0.872208820435362
97,2015,98,Dominican Republic,4.885,0.8586444606020142
99,2015,100,Mongolia,4.874,0.8932956801665319
101,2015,102,Greece,4.857,0.7939326922847905
102,2015,103,Lebanon,4.8389999999999995,0.9031354983202687
103,2015,104,Hungary,4.8,0.7999466614231585
104,2015,105,Honduras,4.788,0.8042733504981271
105,2015,106,Tajikistan,4.7860000000000005,0.8614576292375553
106,2015,107,Tunisia,4.739,0.9221507731388359
107,2015,108,Palestinian Territories,4.715,0.9874345353285275
108,2015,109,Bangladesh,4.694,0.9712796073588571
109,2015,110,Iran,4.686,0.9071615384452562
110,2015,111,Ukraine,4.681,0.9203528646252764
111,2015,112,Iraq,4.677,0.9595475544325687
112,2015,113,South Africa,4.6419999999999995,0.9079559586303741
113,2015,114,Ghana,4.633,0.8999611913929296
114,2015,115,Zimbabwe,4.61,0.9550445411228508
115,2015,116,Liberia,4.571000000000001,1.0
116,2015,117,India,4.565,0.921544117666771
118,2015,119,Haiti,4.518,1.0
119,2015,120,Congo (Kinshasa),4.5169999999999995,0.9866754041065966
120,2015,121,Nepal,4.513999999999999,0.878688800576451
121,2015,122,Ethiopia,4.512,0.9892567419425564
122,2015,123,Sierra Leone,4.507,0.9571033964241925
123,2015,124,Mauritania,4.436,0.9323245060949978
124,2015,125,Kenya,4.419,0.9642155408135622
126,2015,127,Armenia,4.35,0.9301232060827583
127,2015,128,Botswana,4.332,0.9484260354131667
128,2015,129,Myanmar,4.3069999999999995,0.80890174133277
129,2015,130,Georgia,4.297,0.9196165285451864
130,2015,131,Malawi,4.292,0.9286783624970671
131,2015,132,Sri Lanka,4.271,0.9552672780138671
132,2015,133,Cameroon,4.252,0.8362013180097404
133,2015,134,Bulgaria,4.218,0.8268156369476171
134,2015,135,Egypt,4.194,0.8651557377415572
135,2015,136,Yemen,4.077,0.9198109756994938
137,2015,138,Mali,3.995,0.844733889035556
138,2015,139,Congo (Brazzaville),3.989,0.767942424048676
140,2015,141,Uganda,3.931,0.884762547828044
141,2015,142,Senegal,3.904,0.7838098058265559
143,2015,144,Niger,3.845,0.783159559131486
144,2015,145,Cambodia,3.819,0.7876825155987187
145,2015,146,Tanzania,3.781,0.9992642856571851
146,2015,147,Madagascar,3.681,0.856584905719638
148,2015,149,Chad,3.667,0.8291315394888802
149,2015,150,Guinea,3.656,0.7386903479024884
151,2015,152,Burkina Faso,3.5869999999999997,0.7521965960282295
152,2015,153,Afghanistan,3.575,0.842515923615176
153,2015,154,Rwanda,3.465,0.8271290322954188
154,2015,155,Benin,3.34,0.6403374134917574
156,2015,157,Burundi,2.905,0.7694752681889235
157,2015,158,Togo,2.839,0.6780187125565315
158,2016,1,Denmark,7.526,0.9605255254822587
159,2016,2,Switzerland,7.5089999999999995,0.9815686274509803
160,2016,3,Iceland,7.501,0.9920645417272848
161,2016,4,Norway,7.497999999999999,0.9794905290659698
162,2016,5,Finland,7.412999999999999,0.9493257417121046
163,2016,6,Canada,7.404,0.9895283019101303
164,2016,7,Netherlands,7.3389999999999995,0.9769701810436634
165,2016,8,New Zealand,7.334,0.9958306709742409
166,2016,9,Australia,7.313,0.9949659863945578
167,2016,10,Sweden,7.291,0.9747326203208556
168,2016,11,Israel,7.267,0.9953431036844268
169,2016,12,Austria,7.119,0.9660740941783146
170,2016,13,United States,7.104,0.9770873786803029
171,2016,14,Costa Rica,7.087000000000001,0.9765743420146066
173,2016,16,Germany,6.994,0.9884394778441291
174,2016,17,Brazil,6.952000000000001,0.9955606472862668
175,2016,18,Belgium,6.928999999999999,0.9751076158859676
176,2016,19,Ireland,6.907,0.9499919094235434
177,2016,20,Luxembourg,6.871,0.9493609421308545
178,2016,21,Mexico,6.778,0.9430916933351884
179,2016,22,Singapore,6.739,0.9913209767578701
180,2016,23,United Kingdom,6.725,0.9353268428372739
181,2016,24,Chile,6.705,1.0
182,2016,25,Panama,6.7010000000000005,0.9381212375752486
183,2016,26,Argentina,6.65,1.0
184,2016,27,Czech Republic,6.596,0.9544342834197604
185,2016,28,United Arab Emirates,6.5729999999999995,0.9200727883538633
186,2016,29,Uruguay,6.545,1.0
187,2016,30,Malta,6.4879999999999995,0.9579494492228374
188,2016,31,Colombia,6.481,1.0
189,2016,32,France,6.478,0.9577173270254288
190,2016,33,Thailand,6.474,1.0
191,2016,34,Saudi Arabia,6.379,0.9717114695862926
192,2016,34,Taiwan,6.379,0.9881649487067647
194,2016,37,Spain,6.361000000000001,0.945253496462183
195,2016,38,Algeria,6.355,1.0
196,2016,39,Guatemala,6.324,0.9798574533497721
198,2016,41,Kuwait,6.239,0.9538039567744907
199,2016,42,Bahrain,6.218,0.9985065491062589
200,2016,43,Trinidad and Tobago,6.167999999999999,0.9461573861021628
201,2016,44,Venezuela,6.084,0.8643273192214803
202,2016,45,Slovakia,6.077999999999999,0.9677419245438847
203,2016,46,El Salvador,6.068,0.9558464500916668
204,2016,47,Malaysia,6.005,0.9498576399873457
205,2016,48,Nicaragua,5.992000000000001,0.9757368506757859
206,2016,49,Uzbekistan,5.987,0.9567566098331416
207,2016,50,Italy,5.977,0.9104749104432155
208,2016,51,Ecuador,5.976,0.9913735899137359
210,2016,53,Japan,5.921,0.9764182058047494
211,2016,54,Kazakhstan,5.919,0.9770712700604863
212,2016,55,Moldova,5.897,1.0
213,2016,56,Russia,5.856,0.9820560415542564
214,2016,57,Poland,5.835,0.943213259573483
215,2016,57,South Korea,5.835,0.9310674964097654
216,2016,59,Bolivia,5.822,0.9884550084889644
217,2016,60,Lithuania,5.813,0.9352425571715216
218,2016,61,Belarus,5.8020000000000005,0.9981076896611045
220,2016,63,Slovenia,5.768,0.9064336701002302
221,2016,64,Peru,5.742999999999999,0.9860920329670328
222,2016,65,Turkmenistan,5.6579999999999995,0.8649820143340389
223,2016,66,Mauritius,5.648,0.9257043940458496
224,2016,67,Libya,5.615,0.9758428919012861
225,2016,68,Latvia,5.56,0.9344538115093577
226,2016,69,Cyprus,5.546,0.8577172904423137
227,2016,70,Paraguay,5.537999999999999,0.9421571963252807
228,2016,71,Romania,5.528,0.9027221894954763
229,2016,72,Estonia,5.517,0.9161712382405558
230,2016,73,Jamaica,5.51,0.8903992395606539
231,2016,74,Croatia,5.4879999999999995,0.9529432193089078
232,2016,75,Hong Kong,5.457999999999999,0.9882310338584103
234,2016,77,Kosovo,5.401,0.8538860321942754
235,2016,78,Turkey,5.388999999999999,0.9798181818181817
236,2016,79,Indonesia,5.314,0.9842563437673644
237,2016,80,Jordan,5.303,0.9267974536447062
238,2016,81,Azerbaijan,5.291,1.0
239,2016,82,Philippines,5.279,0.8789543728078448
240,2016,83,China,5.245,0.9946899745385025
242,2016,85,Kyrgyzstan,5.185,0.9356672225784741
243,2016,86,Serbia,5.1770000000000005,0.895953733966796
244,2016,87,Bosnia and Herzegovina,5.162999999999999,0.9099240533254744
245,2016,88,Montenegro,5.1610000000000005,0.9305637961308071
246,2016,89,Dominican Republic,5.155,0.9061028033579086
247,2016,90,Morocco,5.151,0.9803958888465931
248,2016,91,Hungary,5.145,0.857442827712948
249,2016,92,Pakistan,5.132000000000001,0.9014104662189605
250,2016,93,Lebanon,5.129,0.9572601717058604
251,2016,94,Portugal,5.122999999999999,0.8667038690321863
253,2016,96,Vietnam,5.061,0.9146936562443522
255,2016,98,Tunisia,5.045,0.9816945875681425
256,2016,99,Greece,5.033,0.8227019230531915
257,2016,100,Tajikistan,4.996,0.8992566476537456
258,2016,101,Mongolia,4.907,0.899343845420019
260,2016,103,Nigeria,4.875,0.9253986332574032
261,2016,104,Honduras,4.871,0.8182154323885499
262,2016,105,Iran,4.813,0.9317474358807122
263,2016,106,Zambia,4.795,0.9348800935854943
264,2016,107,Nepal,4.793,0.9329985425704321
265,2016,108,Palestinian Territories,4.754,0.9956020744330476
266,2016,109,Albania,4.655,0.8387387387387388
267,2016,110,Bangladesh,4.643,0.9607267185699134
268,2016,111,Sierra Leone,4.635,0.984285387713808
269,2016,112,Iraq,4.575,0.938620923995938
271,2016,114,Cameroon,4.513,0.8875297620362085
272,2016,115,Ethiopia,4.508,0.988379741284806
273,2016,116,South Africa,4.459,0.8721619171763978
274,2016,117,Sri Lanka,4.415,0.9874748378438828
275,2016,118,India,4.404,0.8890427807676801
276,2016,119,Myanmar,4.395,0.8254291045176514
277,2016,120,Egypt,4.362,0.8998114754479428
278,2016,121,Armenia,4.36,0.9322614203496153
279,2016,122,Kenya,4.356,0.950469087074876
280,2016,123,Ukraine,4.324,0.8501614583720776
281,2016,124,Ghana,4.276,0.8306138688530471
282,2016,125,Congo (Kinshasa),4.272,0.9331585845347313
283,2016,126,Georgia,4.252,0.9099859156095258
284,2016,127,Congo (Brazzaville),4.236000000000001,0.8154936345625952
285,2016,128,Senegal,4.218999999999999,0.8470526564503686
286,2016,129,Bulgaria,4.217,0.8266196161707209
287,2016,130,Mauritania,4.2010000000000005,0.8829340058848256
288,2016,131,Zimbabwe,4.1930000000000005,0.8686554795939508
289,2016,132,Malawi,4.156000000000001,0.8992514619146813
292,2016,135,Mali,4.073,0.8612268160304931
293,2016,136,Haiti,4.0280000000000005,0.891544931385569
294,2016,137,Botswana,3.9739999999999998,0.870047337195735
297,2016,140,Cambodia,3.907,0.8058328327950233
299,2016,142,Niger,3.8560000000000003,0.7854000676231496
301,2016,144,Chad,3.763,0.8508377374138687
302,2016,145,Burkina Faso,3.739,0.7840711102730834
303,2016,145,Uganda,3.739,0.8415485032635606
304,2016,147,Yemen,3.7239999999999998,0.8401707317892849
305,2016,148,Madagascar,3.695,0.8598427673550834
306,2016,149,Tanzania,3.6660000000000004,0.9688714285160647
307,2016,150,Liberia,3.622,0.7923867862612118
308,2016,151,Guinea,3.6069999999999998,0.7287899575722854
309,2016,152,Rwanda,3.515,0.8390645161669257
310,2016,153,Benin,3.484,0.6679447750315219
311,2016,154,Afghanistan,3.36,0.7918471338033543
312,2016,155,Togo,3.303,0.7888326197866233
314,2016,157,Burundi,2.905,0.7694752681889235
315,2017,1,Norway,7.537000179,0.9845852617896799
316,2017,2,Denmark,7.521999836,0.9600149940408402
317,2017,3,Iceland,7.504000187000001,0.9924613393730989
318,2017,4,Switzerland,7.493999958,0.9796078376470587
319,2017,5,Finland,7.468999863,0.9564972123013736
320,2017,6,Netherlands,7.376999855,0.9820287346911608
321,2017,7,Canada,7.315999985,0.9777672936158278
322,2017,8,New Zealand,7.31400013,0.9931150336737914
323,2017,9,Sweden,7.28399992,0.973796780748663
324,2017,10,Australia,7.28399992,0.9910203972789117
325,2017,11,Israel,7.212999821,0.9879468320777975
326,2017,12,Costa Rica,7.078999996,0.9754719575582196
327,2017,13,Austria,7.006000042,0.9507395904464649
328,2017,14,United States,6.993000031,0.9618203926521772
329,2017,15,Ireland,6.977000237,0.9596197737362306
330,2017,16,Germany,6.951000214,0.9823624566800957
331,2017,17,Belgium,6.890999794,0.9697599047767405
332,2017,18,Luxembourg,6.862999916000001,0.948255576495086
333,2017,19,United Kingdom,6.714000225,0.933796971488178
334,2017,20,Chile,6.65199995,0.9920954436987324
335,2017,21,United Arab Emirates,6.647999763,0.9305710754479283
336,2017,22,Brazil,6.635000229,0.9501647184591151
337,2017,23,Czech Republic,6.609000206,0.9563153995959156
338,2017,24,Argentina,6.598999977,0.9923308236090225
339,2017,25,Mexico,6.578000069,0.9152636801168776
340,2017,26,Singapore,6.5720000270000005,0.966754931891733
341,2017,27,Malta,6.52699995,0.9637077692940795
342,2017,28,Uruguay,6.453999996,0.9860962560733385
343,2017,29,Guatemala,6.453999996,1.0
344,2017,30,Panama,6.452000141,0.9032619545009101
345,2017,31,France,6.441999912000001,0.9523950195150801
346,2017,32,Thailand,6.423999786,0.9922767664504171
347,2017,33,Taiwan,6.421999931,0.9948260279685628
348,2017,34,Spain,6.402999877999999,0.9514947370737982
350,2017,36,Colombia,6.3569998739999996,0.9808671306897083
351,2017,37,Saudi Arabia,6.343999863,0.9663799074981924
352,2017,38,Trinidad and Tobago,6.168000221000001,0.946157420003068
353,2017,39,Kuwait,6.105000018999999,0.9333183481696651
354,2017,40,Slovakia,6.09800005,0.9709263416017943
355,2017,41,Bahrain,6.086999893,0.9774701282678671
356,2017,42,Malaysia,6.084000111,0.9623537031002847
357,2017,43,Nicaragua,6.071000099,0.9886012211366226
358,2017,44,Ecuador,6.007999897,0.9966821328798939
359,2017,45,El Salvador,6.002999783,0.9456074542652598
360,2017,46,Poland,5.97300005,0.9655206249516841
361,2017,47,Uzbekistan,5.971000195,0.954199750105433
362,2017,48,Italy,5.964000225,0.9084946579789513
363,2017,49,Russia,5.962999821,1.0
365,2017,51,Japan,5.920000076,0.9762533106860158
366,2017,52,Lithuania,5.90199995,0.9495615905150857
367,2017,53,Algeria,5.872000217,0.9239968870180959
368,2017,54,Latvia,5.849999905,0.9831932929058688
369,2017,55,South Korea,5.837999821,0.9315461657890538
370,2017,56,Moldova,5.837999821,0.9899948823130406
371,2017,57,Romania,5.8249998089999995,0.9512222469955157
372,2017,58,Bolivia,5.822999954,0.9886247799660443
373,2017,59,Turkmenistan,5.8220000270000005,0.8900539609062017
374,2017,60,Kazakhstan,5.818999767,0.9605638609265694
376,2017,62,Slovenia,5.757999897,0.9048621669685261
377,2017,63,Peru,5.715000152999999,0.9812843669299449
378,2017,64,Mauritius,5.629000187000001,0.9225903341343502
379,2017,65,Cyprus,5.620999812999999,0.8693163954531393
380,2017,66,Estonia,5.611000061,0.9317811987772711
381,2017,67,Belarus,5.568999767,0.95802507603647
382,2017,68,Libya,5.525000095,0.9602016153979841
383,2017,69,Turkey,5.5,1.0
384,2017,70,Paraguay,5.493000031,0.9345015364069413
385,2017,71,Hong Kong,5.472000122000001,0.9907659101937355
386,2017,72,Philippines,5.429999828,0.9040958691355266
387,2017,73,Serbia,5.394999981000001,0.9336817418828942
388,2017,74,Jordan,5.335999966,0.9325648088133206
389,2017,75,Hungary,5.323999882,0.8872741522964979
390,2017,76,Jamaica,5.31099987,0.858241423875632
391,2017,77,Croatia,5.293000221000001,0.919083212536899
392,2017,78,Kosovo,5.278999805,0.8345980739577492
393,2017,79,China,5.2729997630000005,1.0
394,2017,80,Pakistan,5.269000053,0.925473849236644
395,2017,81,Indonesia,5.262000083999999,0.9746249461011297
396,2017,82,Venezuela,5.25,0.7458445801960506
397,2017,83,Montenegro,5.236999989,0.9442671168573599
398,2017,84,Morocco,5.235000134,0.996383733155691
399,2017,85,Azerbaijan,5.234000206,0.9892270281610281
400,2017,86,Dominican Republic,5.230000018999999,0.919285679685318
401,2017,87,Greece,5.2270002369999995,0.8544135002541996
402,2017,88,Lebanon,5.224999905,0.9751772872340426
403,2017,89,Portugal,5.195000172,0.8788847840513906
404,2017,90,Bosnia and Herzegovina,5.18200016,0.9132726302383223
405,2017,91,Honduras,5.181000233,0.8702883075034433
408,2017,94,Vietnam,5.073999882,0.9170431740466294
409,2017,95,Nigeria,5.073999882,0.9631738576309795
410,2017,96,Tajikistan,5.040999889,0.9073564173348765
412,2017,98,Kyrgyzstan,5.004000187,0.9030046203958448
413,2017,99,Nepal,4.961999893,0.9658958206558814
414,2017,100,Mongolia,4.954999924,0.9081411627687104
415,2017,101,South Africa,4.828999996,0.9445323827217263
416,2017,102,Tunisia,4.804999828,0.934993523174124
417,2017,103,Palestinian Territories,4.775000095,1.0
418,2017,104,Egypt,4.735000134,0.9767554921643161
419,2017,105,Bulgaria,4.714000225,0.9240419863927419
420,2017,106,Sierra Leone,4.709000111,1.0
421,2017,107,Cameroon,4.695000172,0.92332204418682
422,2017,108,Iran,4.691999912,0.9083230598708764
423,2017,109,Albania,4.644000053,0.8367567663063064
424,2017,110,Bangladesh,4.607999802,0.9534844990192269
426,2017,112,Kenya,4.552999973,0.9934540238267322
428,2017,114,Myanmar,4.545000076,0.8536007605836946
429,2017,115,Senegal,4.534999847,0.9104962473105868
430,2017,116,Zambia,4.513999939,0.8800935736010919
431,2017,117,Iraq,4.497000217,0.9226182511236009
433,2017,119,Ethiopia,4.460000038,0.9778557417233064
434,2017,120,Sri Lanka,4.440000057,0.9930664408409751
435,2017,121,Armenia,4.375999928,0.9356825477814437
436,2017,122,India,4.315000057,0.8710762147338732
437,2017,123,Mauritania,4.291999817,0.9020596504833963
438,2017,124,Congo (Brazzaville),4.290999889,0.8260819394212233
439,2017,125,Georgia,4.285999775,0.9172623305634047
440,2017,126,Congo (Kinshasa),4.28000021,0.934906118392311
441,2017,127,Mali,4.190000057,0.885966218575422
443,2017,129,Cambodia,4.168000221000001,0.8596650691524734
445,2017,131,Ghana,4.1199998860000004,0.8003108150104241
446,2017,132,Ukraine,4.096000195,0.8053333717098785
447,2017,133,Uganda,4.0809998510000005,0.9185234866081476
448,2017,134,Burkina Faso,4.032000065,0.8455134441256205
449,2017,135,Niger,4.027999878,0.8204334482798854
450,2017,136,Malawi,3.970000029,0.8590058541577422
451,2017,137,Chad,3.9360001089999996,0.8899541395701037
452,2017,138,Zimbabwe,3.875,0.8027760513776673
455,2017,141,Afghanistan,3.79399991,0.8941273673760964
456,2017,142,Botswana,3.766000032,0.8245088826675021
457,2017,143,Benin,3.657000065,0.7011119648985895
458,2017,144,Madagascar,3.644000053,0.8479748551592938
459,2017,145,Haiti,3.6029999260000003,0.7974767432492255
460,2017,146,Yemen,3.592999935,0.810615839072987
462,2017,148,Liberia,3.5329999919999997,0.7729162091446071
463,2017,149,Guinea,3.5069999689999998,0.7085850730838692
464,2017,150,Togo,3.4949998860000004,0.8346866231387617
465,2017,151,Rwanda,3.4709999560000004,0.828561279856774
467,2017,153,Tanzania,3.348999977,0.885092851013709
468,2017,154,Burundi,2.904999971,0.7694752605074149
470,2018,1,Finland,7.632000000000001,0.9773713828067967
471,2018,2,Norway,7.593999999999999,0.9920313520574786
472,2018,3,Denmark,7.555,0.9642267266832931
473,2018,4,Iceland,7.495,0.9912709959000132
474,2018,5,Switzerland,7.487,0.9786928104575163
475,2018,6,Netherlands,7.441,0.9905484558040468
476,2018,7,Canada,7.327999999999999,0.9793710692054882
477,2018,8,New Zealand,7.324,0.9944728434981376
478,2018,9,Sweden,7.314,0.977807486631016
479,2018,10,Australia,7.272,0.9893877551020409
480,2018,11,United Kingdom,7.19,1.0
481,2018,12,Austria,7.138999999999999,0.9687881666440493
482,2018,13,Costa Rica,7.072,0.9745073721923659
483,2018,14,Ireland,6.977,0.9596197411391433
484,2018,15,Germany,6.965,0.9843410013131769
485,2018,16,Belgium,6.9270000000000005,0.9748261589323277
486,2018,17,Luxembourg,6.91,0.954749543024917
487,2018,18,United States,6.886,0.9471035599088634
488,2018,19,Israel,6.814,0.9332968086563485
489,2018,20,United Arab Emirates,6.774,0.9482082866741322
490,2018,21,Czech Republic,6.711,0.9710746628305053
491,2018,22,Malta,6.627000000000001,0.9784727188655586
492,2018,23,France,6.489,0.959343583678297
493,2018,24,Mexico,6.4879999999999995,0.9027410602476693
494,2018,25,Chile,6.476,0.9658463832960477
495,2018,26,Taiwan,6.441,0.9977693109610083
496,2018,27,Panama,6.43,0.9001819963600728
497,2018,28,Brazil,6.419,0.9192324215953028
498,2018,29,Argentina,6.388,0.9606015037593985
499,2018,30,Guatemala,6.382000000000001,0.9888441282856177
500,2018,31,Uruguay,6.379,0.974637127578304
502,2018,33,Saudi Arabia,6.371,0.9704928315933957
503,2018,34,Singapore,6.343,0.933068549573404
504,2018,35,Malaysia,6.322,1.0
505,2018,36,Spain,6.31,0.9376748251338428
506,2018,37,Colombia,6.26,0.9659003240240703
507,2018,38,Trinidad and Tobago,6.192,0.9498389323515877
508,2018,39,Slovakia,6.172999999999999,0.9828678677540967
509,2018,40,El Salvador,6.167000000000001,0.9714411762879549
510,2018,41,Nicaragua,6.141,1.0
511,2018,42,Poland,6.122999999999999,0.9897677443647706
512,2018,43,Bahrain,6.105,0.980360643662546
513,2018,44,Uzbekistan,6.096,0.9741754290200152
514,2018,45,Kuwait,6.082999999999999,0.9299550359126826
515,2018,46,Thailand,6.072,0.93790546802595
516,2018,47,Italy,6.0,0.9139784946727946
517,2018,48,Ecuador,5.973,0.9908759124087592
519,2018,50,Lithuania,5.952000000000001,0.957606003833631
520,2018,51,Slovenia,5.9479999999999995,0.9347204351172277
521,2018,52,Romania,5.945,0.9708182736162458
522,2018,53,Latvia,5.933,0.9971428891519819
523,2018,54,Japan,5.915,0.9754287598944591
524,2018,55,Mauritius,5.891,0.9655319733222557
525,2018,56,Jamaica,5.89,0.9518060836682852
526,2018,57,South Korea,5.875,0.9374501356310834
528,2018,59,Russia,5.81,0.9743418035229217
529,2018,60,Kazakhstan,5.79,0.9557767618939376
530,2018,61,Cyprus,5.7620000000000005,0.8911227961645531
531,2018,62,Bolivia,5.752000000000001,0.9765704584040749
532,2018,63,Estonia,5.739,0.9530372913290828
533,2018,64,Paraguay,5.681,0.9664851990472951
534,2018,65,Peru,5.662999999999999,0.9723557692307692
535,2018,66,Kosovo,5.662000000000001,0.8951495490249932
536,2018,67,Moldova,5.64,0.9564185178904526
537,2018,68,Turkmenistan,5.636,0.8616187049817327
538,2018,69,Hungary,5.62,0.9366042160829481
539,2018,70,Libya,5.566,0.967327076816128
540,2018,71,Philippines,5.524,0.9197469133151231
541,2018,72,Honduras,5.504,0.9245448039143046
542,2018,73,Belarus,5.483,0.9432306898331326
543,2018,74,Turkey,5.483,0.9969090909090909
544,2018,75,Pakistan,5.472,0.9611297878312843
545,2018,76,Hong Kong,5.43,0.9831613253666486
546,2018,77,Portugal,5.41,0.915258233742754
547,2018,78,Serbia,5.398,0.9342009379858536
548,2018,79,Greece,5.358,0.8758269230516589
549,2018,80,Lebanon,5.358,1.0
550,2018,81,Montenegro,5.347,0.9641008753945796
551,2018,82,Croatia,5.321000000000001,0.9239451293627368
552,2018,83,Dominican Republic,5.3020000000000005,0.9319412344138955
553,2018,84,Algeria,5.295,0.8332022029897718
554,2018,85,Morocco,5.254,1.0
555,2018,86,China,5.246,0.9948796199101972
556,2018,87,Azerbaijan,5.2010000000000005,0.982989982989983
557,2018,88,Tajikistan,5.199,0.9357956987893961
559,2018,90,Jordan,5.1610000000000005,0.9019803240166564
560,2018,91,Nigeria,5.155,0.9785497342444951
561,2018,92,Kyrgyzstan,5.131,0.9259225687656994
562,2018,93,Bosnia and Herzegovina,5.129,0.9039319135205034
563,2018,94,Mongolia,5.125,0.9392983916400239
564,2018,95,Vietnam,5.103,0.9222844749683716
565,2018,96,Indonesia,5.093,0.9433228375625116
568,2018,99,Cameroon,4.975,0.9783870077842094
569,2018,100,Bulgaria,4.933,0.966970492428306
570,2018,101,Nepal,4.88,0.9499338384610283
571,2018,102,Venezuela,4.806,0.6827674385566131
573,2018,104,Palestinian Territories,4.743,0.9932984095574139
574,2018,105,South Africa,4.724,0.9239948187354348
575,2018,106,Iran,4.707,0.9112269230605677
577,2018,108,Ghana,4.657,0.9046231962695604
578,2018,109,Senegal,4.631,0.9297702896472286
580,2018,111,Tunisia,4.592,0.8935463916973062
581,2018,112,Albania,4.586,0.8263063063063064
582,2018,113,Sierra Leone,4.571000000000001,0.9706943920690004
583,2018,114,Congo (Brazzaville),4.559,0.8776759867731045
584,2018,115,Bangladesh,4.5,0.9311372460832674
585,2018,116,Sri Lanka,4.471,1.0
586,2018,117,Iraq,4.456,0.9142065218198688
587,2018,118,Mali,4.447,0.9403082864933962
589,2018,120,Cambodia,4.433,0.914322228763844
590,2018,121,Burkina Faso,4.4239999999999995,0.9277161251265368
591,2018,122,Egypt,4.419,0.9115696721697522
593,2018,124,Kenya,4.41,0.9622517617080357
594,2018,125,Zambia,4.377,0.85338272567752
595,2018,126,Mauritania,4.356,0.9155107187894073
596,2018,127,Ethiopia,4.35,0.9537382153036614
597,2018,128,Georgia,4.34,0.928819114239262
598,2018,129,Armenia,4.321000000000001,0.9239223847088734
599,2018,130,Myanmar,4.308,0.8090895522780528
600,2018,131,Chad,4.301,0.9724828882851579
601,2018,132,Congo (Kinshasa),4.245,0.9272608125819135
602,2018,133,India,4.19,0.8458422460073978
603,2018,134,Niger,4.166,0.8485416705700315
604,2018,135,Uganda,4.1610000000000005,0.9365293720459149
605,2018,136,Benin,4.141,0.793903362056697
607,2018,138,Ukraine,4.103,0.8067096354534307
608,2018,139,Togo,3.9989999999999997,0.9550534806317609
609,2018,140,Guinea,3.964,0.8009213728351925
612,2018,143,Madagascar,3.7739999999999996,0.8782264151550974
613,2018,144,Zimbabwe,3.6919999999999997,0.7648643049513155
614,2018,145,Afghanistan,3.6319999999999997,0.8559490446350543
615,2018,146,Botswana,3.59,0.7859763312865347
616,2018,147,Malawi,3.5869999999999997,0.7761345028604334
617,2018,148,Haiti,3.582,0.7928286852589641
618,2018,149,Liberia,3.495,0.7646029315248304
620,2018,151,Rwanda,3.408,0.8135225806819011
621,2018,152,Yemen,3.355,0.756920731781163
622,2018,153,Tanzania,3.303,0.8729357142358323
625,2018,156,Burundi,2.905,0.7694752681889235
626,2019,1,Finland,7.769,0.9949159162769919
627,2019,2,Denmark,7.6,0.9699699699262777
628,2019,3,Norway,7.553999999999999,0.98680600914435
629,2019,4,Iceland,7.494,0.9911387382621346
630,2019,5,Netherlands,7.4879999999999995,0.9968051118210861
631,2019,6,Switzerland,7.48,0.9777777777777777
632,2019,7,Sweden,7.343,0.9816844919786095
633,2019,8,New Zealand,7.307,0.9921645367887618
634,2019,9,Canada,7.278,0.9726886792682237
635,2019,10,Austria,7.246,0.9833084543357309
636,2019,11,Australia,7.228,0.9834013605442177
637,2019,12,Costa Rica,7.167000000000001,0.9875981810665565
638,2019,13,Israel,7.138999999999999,0.9778112587316805
639,2019,14,Luxembourg,7.09,0.9796200086898208
640,2019,15,United Kingdom,7.053999999999999,0.9810848400556327
641,2019,16,Ireland,7.021,0.965671521074663
642,2019,17,Germany,6.985,0.9871675368517647
643,2019,18,Belgium,6.922999999999999,0.9742632450250475
644,2019,19,United States,6.892,0.9479288026273435
645,2019,20,Czech Republic,6.852,0.9914772149775923
646,2019,21,United Arab Emirates,6.825,0.955347144456887
647,2019,22,Malta,6.726,0.9930900116326764
648,2019,23,Mexico,6.595,0.9176290524558229
649,2019,24,France,6.5920000000000005,0.9745712596096986
650,2019,25,Taiwan,6.446000000000001,0.9985438563040926
651,2019,26,Chile,6.444,0.9610738255033557
652,2019,27,Guatemala,6.436,0.9972110325362323
653,2019,28,Saudi Arabia,6.375,0.9711021505898442
655,2019,30,Spain,6.354,0.9442132866720186
656,2019,31,Panama,6.321000000000001,0.884922301553969
657,2019,32,Brazil,6.3,0.9021910353716168
658,2019,33,Uruguay,6.292999999999999,0.9614973262032085
659,2019,34,Singapore,6.2620000000000005,0.9211532803765815
660,2019,35,El Salvador,6.252999999999999,0.9849881101554371
661,2019,36,Italy,6.223,0.9479480287248
662,2019,37,Bahrain,6.199,0.9954554676599708
663,2019,38,Slovakia,6.1979999999999995,0.9868483791252053
664,2019,39,Trinidad and Tobago,6.192,0.9498389323515877
665,2019,40,Poland,6.182,0.9993049478463192
666,2019,41,Uzbekistan,6.1739999999999995,0.9866402721078696
667,2019,42,Lithuania,6.149,0.9893009606137427
668,2019,43,Colombia,6.125,0.9450702052152445
669,2019,44,Slovenia,6.117999999999999,0.9614357131888364
670,2019,45,Nicaragua,6.105,0.9941377625793846
671,2019,46,Kosovo,6.1,0.9643963703730939
672,2019,47,Argentina,6.086,0.915187969924812
673,2019,48,Romania,6.07,0.9912307688562847
674,2019,49,Cyprus,6.046,0.9350448499845345
675,2019,50,Ecuador,6.028,1.0
676,2019,51,Kuwait,6.021,0.9204766186470923
677,2019,52,Thailand,6.007999999999999,0.9280197713932652
678,2019,53,Latvia,5.94,0.9983193597779829
679,2019,54,South Korea,5.895,0.9406414552417424
680,2019,55,Estonia,5.893,0.9786110398679708
681,2019,56,Jamaica,5.89,0.9518060836682852
682,2019,57,Mauritius,5.888,0.9650402748126704
683,2019,58,Japan,5.886,0.9706464379947229
684,2019,59,Honduras,5.86,0.9843445768419016
685,2019,60,Kazakhstan,5.809,0.9589131623215688
686,2019,61,Bolivia,5.779,0.9811544991511036
687,2019,62,Hungary,5.757999999999999,0.9596026825988637
688,2019,63,Paraguay,5.742999999999999,0.9770330044232732
690,2019,65,Peru,5.697,0.9781936813186813
691,2019,66,Portugal,5.693,0.9631358825688536
692,2019,67,Pakistan,5.653,0.9929215443366685
693,2019,68,Russia,5.648,0.9471742695864822
694,2019,69,Philippines,5.631,0.937562431006057
695,2019,70,Serbia,5.603,0.9696791136596401
696,2019,71,Moldova,5.529,0.9375953874851619
697,2019,72,Libya,5.525,0.9602015988877304
698,2019,73,Montenegro,5.523,0.9958348858807298
699,2019,74,Tajikistan,5.4670000000000005,0.9840344461014866
700,2019,75,Croatia,5.432,0.9432193089077966
701,2019,76,Hong Kong,5.43,0.9831613253666486
702,2019,77,Dominican Republic,5.425,0.9535611461138029
703,2019,78,Bosnia and Herzegovina,5.386,0.9492254408698443
704,2019,79,Turkey,5.372999999999999,0.9769090909090908
705,2019,80,Malaysia,5.3389999999999995,0.8445112306232204
706,2019,81,Belarus,5.3229999999999995,0.9157061758128333
707,2019,82,Greece,5.287000000000001,0.8642211538212247
708,2019,83,Mongolia,5.285,0.968622829232688
710,2019,85,Nigeria,5.265,0.9994305239179955
711,2019,86,Kyrgyzstan,5.261,0.9493819205371944
712,2019,87,Turkmenistan,5.247000000000001,0.8021492805250446
713,2019,88,Algeria,5.211,0.8199842643587726
714,2019,89,Morocco,5.207999999999999,0.9912447658926532
715,2019,90,Azerbaijan,5.207999999999999,0.9843129843129841
716,2019,91,Lebanon,5.197,0.9699514744307578
717,2019,92,Indonesia,5.192,0.961659566586405
718,2019,93,China,5.191,0.9844491244669906
719,2019,94,Vietnam,5.175,0.9352973070666908
721,2019,96,Cameroon,5.044,0.9919565964348849
722,2019,97,Bulgaria,5.011,0.9822601130261994
723,2019,98,Ghana,4.996,0.97047401515197
725,2019,100,Nepal,4.913,0.9563575713850476
726,2019,101,Jordan,4.906000000000001,0.8574143517972712
727,2019,102,Benin,4.883,0.9361579611018718
728,2019,103,Congo (Brazzaville),4.812,0.926382287420965
731,2019,106,South Africa,4.7219999999999995,0.9236036270255551
732,2019,107,Albania,4.718999999999999,0.8502702702702702
733,2019,108,Venezuela,4.707,0.6687029407586305
734,2019,109,Cambodia,4.7,0.9693919411662681
735,2019,110,Palestinian Territories,4.696000000000001,0.9834554778160691
736,2019,111,Senegal,4.681,0.9398088373652942
739,2019,114,Niger,4.628,0.9426430272199005
740,2019,115,Burkina Faso,4.587,0.9618973476391104
741,2019,116,Armenia,4.559,0.974811884260068
742,2019,117,Iran,4.548,0.8804461538303511
743,2019,118,Guinea,4.534,0.916089178717145
744,2019,119,Georgia,4.519,0.9671275523611118
746,2019,121,Kenya,4.5089999999999995,0.9838533318688282
747,2019,122,Mauritania,4.49,0.9436738125262716
749,2019,124,Tunisia,4.461,0.8680554123174399
750,2019,125,Bangladesh,4.456,0.9220327930104533
751,2019,126,Iraq,4.437,0.9103084239934376
752,2019,127,Congo (Kinshasa),4.418,0.9650502402795981
753,2019,128,Mali,4.39,0.9282557629201729
754,2019,129,Sierra Leone,4.374,0.9288596085998265
755,2019,130,Sri Lanka,4.3660000000000005,0.9765153209572803
756,2019,131,Myanmar,4.36,0.8188557214327555
757,2019,132,Chad,4.35,0.9835620934760373
758,2019,133,Ukraine,4.332,0.8517343750388159
759,2019,134,Ethiopia,4.2860000000000005,0.9397062047796537
761,2019,136,Uganda,4.189,0.9428314202115686
762,2019,137,Egypt,4.166,0.8593797814571597
763,2019,138,Zambia,4.107,0.8007408851627998
764,2019,139,Togo,4.085,0.9755922651614762
765,2019,140,India,4.015,0.8105147058996901
766,2019,141,Liberia,3.975,0.8696127761977684
768,2019,143,Madagascar,3.9330000000000003,0.9152264151576572
770,2019,145,Burundi,3.775,0.9999205292300125
771,2019,146,Zimbabwe,3.6630000000000003,0.7588564325668118
772,2019,147,Haiti,3.597,0.7961487383798141
773,2019,148,Botswana,3.488,0.7636449703419034
775,2019,150,Malawi,3.41,0.7378362572495338
776,2019,151,Yemen,3.38,0.7625609756841523
777,2019,152,Rwanda,3.3339999999999996,0.795858064552071
778,2019,153,Tanzania,3.2310000000000003,0.8539071428083483
779,2019,154,Afghanistan,3.2030000000000003,0.7548471338012332
782,2020,1,Finland,7.808700085,1.0
783,2020,2,Denmark,7.645599842,0.9757897695806702
784,2020,3,Switzerland,7.559899807000001,0.9882221969934641
785,2020,4,Iceland,7.504499912000001,0.9925274318211877
786,2020,5,Norway,7.487999916000001,0.9781841823644677
787,2020,6,Netherlands,7.448900223,0.9916001361821085
788,2020,7,Sweden,7.353499889,0.9830882204545454
789,2020,8,New Zealand,7.2996001239999995,0.9911597612935059
790,2020,9,Austria,7.294199944,0.9898493613787488
791,2020,10,Luxembourg,7.2375001910000005,1.0
792,2020,11,Canada,7.23210001,0.966554246642293
793,2020,12,Australia,7.222799778,0.9826938473469388
794,2020,13,United Kingdom,7.164500237,0.996453440472879
795,2020,14,Israel,7.128600121,0.9763868129023421
796,2020,15,Costa Rica,7.121399879,0.9813145761333883
797,2020,16,Ireland,7.093699932000001,0.9756707026608282
798,2020,17,Germany,7.075799942000001,1.0
799,2020,18,United States,6.939599991000001,0.9544757269560873
800,2020,19,Czech Republic,6.9109001160000005,1.0
801,2020,20,Belgium,6.863500117999999,0.9658899172602161
802,2020,21,United Arab Emirates,6.790800095,0.950559923712206
803,2020,22,Malta,6.772799968999999,1.0
804,2020,23,France,6.663799762999999,0.9851862452690715
805,2020,24,Mexico,6.465000152999999,0.8995408589119241
806,2020,25,Taiwan,6.45539999,1.0
807,2020,26,Uruguay,6.440100192999999,0.9839725275783039
808,2020,27,Saudi Arabia,6.406499863,0.9759005168177006
809,2020,28,Spain,6.4008998870000005,0.9511826754741617
810,2020,29,Guatemala,6.398900032,0.991462664388883
811,2020,30,Italy,6.38740015,0.972991062328297
812,2020,31,Singapore,6.377099991000001,0.9380847294792588
813,2020,32,Brazil,6.375599861,0.9130173078905915
814,2020,33,Slovenia,6.363399982000001,1.0
815,2020,34,El Salvador,6.34829998,1.0
816,2020,35,Kosovo,6.325200081,1.0
817,2020,36,Panama,6.304800033999999,0.8826543516729665
818,2020,37,Slovakia,6.280600071,1.0
819,2020,38,Uzbekistan,6.257599831,1.0
820,2020,39,Chile,6.228499889,0.9289336150633856
821,2020,40,Bahrain,6.227300167,1.0
822,2020,41,Lithuania,6.215499877999999,1.0
823,2020,42,Trinidad and Tobago,6.1918997760000005,0.9498235582144501
824,2020,43,Poland,6.1862998010000005,1.0
825,2020,44,Colombia,6.163400172999999,0.9509952434809442
826,2020,45,Cyprus,6.15899992,0.9525208660686669
827,2020,46,Nicaragua,6.13710022,0.9993649601042175
828,2020,47,Romania,6.123700142000001,1.0
829,2020,48,Kuwait,6.102099895,0.9328749838891176
830,2020,49,Mauritius,6.101299762999999,1.0
831,2020,50,Kazakhstan,6.0578999520000005,1.0
832,2020,51,Estonia,6.0218000410000005,1.0
833,2020,52,Philippines,6.006000042,1.0
834,2020,53,Hungary,6.000400066,1.0
835,2020,54,Thailand,5.9987998010000005,0.926598671763979
836,2020,55,Argentina,5.974699974,0.8984511239097743
837,2020,56,Honduras,5.953199862999999,1.0
838,2020,57,Latvia,5.9499998089999995,1.0
839,2020,58,Ecuador,5.925199986,0.9829462485069675
840,2020,59,Portugal,5.9109001160000005,1.0
841,2020,60,Jamaica,5.889800072000001,0.9517737759116308
842,2020,61,South Korea,5.872399807000001,0.9370352332854636
843,2020,62,Japan,5.870800018,0.968139844656992
844,2020,63,Peru,5.796800137000001,0.9953296938530222
845,2020,64,Serbia,5.77820015,1.0
846,2020,65,Bolivia,5.747499942999999,0.9758064419354838
847,2020,66,Pakistan,5.69329977,1.0
848,2020,67,Paraguay,5.6921000479999995,0.9683736046274243
849,2020,68,Dominican Republic,5.6891999239999995,1.0
850,2020,69,Bosnia and Herzegovina,5.674099922000001,1.0
851,2020,70,Moldova,5.607500076,0.9509072538578938
852,2020,71,Tajikistan,5.555699825,1.0
853,2020,72,Montenegro,5.54610014,1.0
854,2020,73,Russia,5.546000004,0.9300687859269348
855,2020,74,Kyrgyzstan,5.541500092000001,1.0
856,2020,75,Belarus,5.539899826,0.9530190651986926
858,2020,77,Greece,5.514999866,0.9014903626855341
859,2020,78,Hong Kong,5.510399818,0.997718598225602
860,2020,79,Croatia,5.504700184,0.9558430602535163
861,2020,80,Libya,5.488800049,0.9539103317692041
862,2020,81,Mongolia,5.4562001229999995,1.0
863,2020,82,Malaysia,5.384300232,0.8516767212907308
864,2020,83,Vietnam,5.353499889,0.9675582665823244
865,2020,84,Indonesia,5.285600185,0.9789961446564178
867,2020,86,Benin,5.21600008,1.0
869,2020,88,Congo (Brazzaville),5.1943998339999995,1.0
870,2020,89,Azerbaijan,5.164800167,0.9761482077112077
872,2020,91,Ghana,5.1479997630000005,1.0
873,2020,92,Nepal,5.137199879,1.0
874,2020,93,Turkey,5.131800175,0.9330545772727273
875,2020,94,China,5.123899937,0.9717239080786205
876,2020,95,Turkmenistan,5.119100093999999,0.7825962373428221
877,2020,96,Bulgaria,5.101500034,1.0
878,2020,97,Morocco,5.094799995,0.9696992757898745
879,2020,98,Cameroon,5.084899902,1.0
880,2020,99,Venezuela,5.053199768,0.7178860304020458
881,2020,100,Algeria,5.005099773,0.7875845433516916
882,2020,101,Senegal,4.980800152,1.0
883,2020,102,Guinea,4.949299812,1.0
884,2020,103,Niger,4.909599781,1.0
886,2020,105,Albania,4.882699966000001,0.8797657596396398
887,2020,106,Cambodia,4.8484001160000005,1.0
888,2020,107,Bangladesh,4.832799911,1.0
890,2020,109,South Africa,4.814099789,0.9416179639947818
891,2020,110,Iraq,4.7848000530000006,0.9816641413951199
892,2020,111,Lebanon,4.771500111,0.8905375347144457
893,2020,112,Burkina Faso,4.768700123,1.0
895,2020,114,Mali,4.729300021999999,1.0
896,2020,115,Nigeria,4.724100113,0.8967540077828399
897,2020,116,Armenia,4.676799774,1.0
898,2020,117,Georgia,4.672599792,1.0
899,2020,118,Iran,4.672399998,0.9045287175453035
900,2020,119,Jordan,4.6333999630000005,0.8097724471857206
902,2020,121,Kenya,4.583000183,1.0
904,2020,123,Ukraine,4.56069994,0.8967001184523236
905,2020,124,Liberia,4.557899952,0.997134095821483
906,2020,125,Palestinian Territories,4.552800179,0.953465987103818
907,2020,126,Uganda,4.43200016,0.9975242313751969
908,2020,127,Chad,4.422699928,1.0
909,2020,128,Tunisia,4.392199993,0.8546677820901751
910,2020,129,Mauritania,4.374599934,0.9194199104665826
911,2020,130,Sri Lanka,4.327000141,0.9677924717065534
912,2020,131,Congo (Kinshasa),4.31099987,0.9416775600698994
914,2020,133,Myanmar,4.308000088,0.809089568805416
916,2020,135,Togo,4.187200069,1.0
917,2020,136,Ethiopia,4.186200142,0.917825069502302
918,2020,137,Madagascar,4.165599823,0.9693534179978798
919,2020,138,Egypt,4.151400089,0.8563680511824419
920,2020,139,Sierra Leone,3.926399946,0.8338075713415501
921,2020,140,Burundi,3.775300026,1.0
922,2020,141,Zambia,3.759399891,0.7329693684928837
923,2020,142,Haiti,3.720799923,0.8235502264276229
925,2020,144,India,3.573299885,0.7213479714525957
926,2020,145,Malawi,3.538000107,0.7655321868320616
927,2020,146,Yemen,3.5274000169999997,0.795815857571543
928,2020,147,Botswana,3.4788999560000002,0.7616526530166483
929,2020,148,Tanzania,3.4762001039999997,0.9187100274332165
931,2020,150,Rwanda,3.312299967,0.7906780566744178
932,2020,151,Zimbabwe,3.2992000580000003,0.6834887213590223
934,2020,153,Afghanistan,2.566900015,0.6049382201302194
935,2013,1,Denmark,7.693,0.9818393392951124
936,2013,2,Norway,7.655,1.0
937,2013,3,Switzerland,7.65,1.0
938,2013,4,Netherlands,7.5120000000000005,1.0
939,2013,5,Sweden,7.48,1.0
940,2013,6,Canada,7.477,0.9992845912185366
941,2013,7,Finland,7.388999999999999,0.9462522467976179
942,2013,8,Austria,7.369,1.0
943,2013,9,Iceland,7.355,0.972754926597011
944,2013,10,Australia,7.35,1.0
945,2013,11,Israel,7.301,1.0
946,2013,12,Costa Rica,7.257000000000001,1.0
947,2013,13,New Zealand,7.221,0.9804872204942724
948,2013,14,United Arab Emirates,7.144,1.0
949,2013,15,Panama,7.143,1.0
950,2013,16,Mexico,7.087999999999999,0.9862251287046054
951,2013,17,United States,7.082000000000001,0.974061488712543
952,2013,18,Ireland,7.0760000000000005,0.973236245994063
953,2013,19,Luxembourg,7.053999999999999,0.9746459155568399
954,2013,20,Venezuela,7.039,1.0
955,2013,21,Belgium,6.9670000000000005,0.9804552980051289
956,2013,22,United Kingdom,6.882999999999999,0.9573018080667592
958,2013,24,Brazil,6.849,0.980810539882572
959,2013,25,France,6.763999999999999,1.0
960,2013,26,Germany,6.672000000000001,0.9429322556728668
962,2013,28,Chile,6.587000000000001,0.9824011931394483
963,2013,29,Argentina,6.562,0.9867669172932331
964,2013,30,Singapore,6.546,0.9629302736098854
965,2013,31,Trinidad and Tobago,6.519,1.0
966,2013,32,Kuwait,6.515,0.9959982013761511
967,2013,33,Saudi Arabia,6.48,0.9870967742466181
968,2013,34,Cyprus,6.466,1.0
969,2013,35,Colombia,6.416,0.9899706835364913
970,2013,36,Thailand,6.371,0.9840902069817733
971,2013,37,Uruguay,6.355,0.970970206264324
972,2013,38,Spain,6.322,0.9394580419169817
973,2013,39,Czech Republic,6.29,0.9101564042920396
975,2013,41,South Korea,6.267,1.0
976,2013,42,Taiwan,6.221,0.9636893158653055
977,2013,43,Japan,6.064,1.0
978,2013,44,Slovenia,6.06,0.9523210889055816
979,2013,45,Italy,6.021,0.9171774194041493
980,2013,46,Slovakia,5.968999999999999,0.9503868949658519
981,2013,47,Guatemala,5.965,0.9242330343503148
982,2013,48,Malta,5.9639999999999995,0.8805811521524356
983,2013,49,Ecuador,5.865,0.9729595222295954
984,2013,50,Bolivia,5.857,0.9943972835314092
985,2013,51,Poland,5.822,0.9411118418572096
986,2013,52,El Salvador,5.809,0.9150481260023884
987,2013,53,Moldova,5.791,0.9820247583517043
988,2013,54,Paraguay,5.779,0.9831575365770672
989,2013,55,Peru,5.776,0.9917582417582418
990,2013,56,Malaysia,5.76,0.9111040809870293
991,2013,57,Kazakhstan,5.671,0.936132990794563
992,2013,58,Croatia,5.6610000000000005,0.9829831567980554
993,2013,59,Turkmenistan,5.627999999999999,0.8603956833990757
994,2013,60,Uzbekistan,5.622999999999999,0.8985873420898204
996,2013,62,Albania,5.55,1.0
997,2013,63,Vietnam,5.5329999999999995,1.0
998,2013,64,Hong Kong,5.523,1.0
999,2013,65,Nicaragua,5.507000000000001,0.8967594854258265
1000,2013,66,Belarus,5.504,0.9468432822982968
1001,2013,67,Mauritius,5.477,0.8976775789994899
1002,2013,68,Russia,5.4639999999999995,0.9163173174611435
1004,2013,70,Greece,5.435,0.8884134615128343
1005,2013,71,Lithuania,5.426,0.8729788603496778
1006,2013,72,Estonia,5.426,0.9010594777403037
1007,2013,73,Algeria,5.422000000000001,0.8531864673485445
1008,2013,74,Jordan,5.414,0.9461967591990268
1009,2013,75,Jamaica,5.374,0.868422053248449
1010,2013,76,Indonesia,5.348,0.9905538062604186
1011,2013,77,Turkey,5.345,0.9718181818181818
1012,2013,78,Libya,5.34,0.9280500521376435
1013,2013,79,Bahrain,5.312,0.8530181390885249
1014,2013,80,Montenegro,5.2989999999999995,0.9554461452619929
1015,2013,81,Pakistan,5.292000000000001,0.9295136763894659
1016,2013,82,Nigeria,5.247999999999999,0.9962034927866362
1017,2013,83,Kosovo,5.222,0.8255865321456225
1018,2013,84,Honduras,5.142,0.8637371696452317
1019,2013,85,Portugal,5.101,0.8629819316676133
1020,2013,86,Ghana,5.091,0.9889277844553
1021,2013,87,Ukraine,5.0569999999999995,0.9942799479619787
1022,2013,88,Latvia,5.046,0.848067254114428
1023,2013,89,Kyrgyzstan,5.042,0.9098619356298296
1024,2013,90,Romania,5.033,0.8218887083449228
1025,2013,91,Zambia,5.006,0.9760187170988498
1026,2013,92,Philippines,4.985,0.8300033241991109
1027,2013,93,China,4.978,0.9440546602960277
1029,2013,95,Dominican Republic,4.963,0.8723546485092726
1030,2013,96,South Africa,4.963,0.9707422280660378
1031,2013,97,Lebanon,4.931,0.9203060843598359
1033,2013,99,Morocco,4.885,0.929767795964979
1036,2013,102,Mongolia,4.834,0.8859645707683659
1037,2013,103,Zimbabwe,4.827,1.0
1038,2013,104,Tunisia,4.8260000000000005,0.9390798968491291
1039,2013,105,Iraq,4.817,0.988270380522062
1040,2013,106,Serbia,4.813,0.8329583391118772
1041,2013,107,Bosnia and Herzegovina,4.813,0.8482402612154772
1042,2013,108,Bangladesh,4.803999999999999,0.9940407400408924
1044,2013,110,Hungary,4.775,0.7957802725615796
1045,2013,111,India,4.772,0.9633315508227451
1046,2013,112,Mauritania,4.758,1.0
1047,2013,113,Palestinian Territories,4.7,0.9842931741344814
1049,2013,115,Iran,4.643,0.8988371794710466
1050,2013,116,Azerbaijan,4.604,0.8701568701568702
1051,2013,117,Congo (Kinshasa),4.578,1.0
1053,2013,119,Ethiopia,4.561,1.0
1054,2013,120,Uganda,4.4430000000000005,1.0
1055,2013,121,Myanmar,4.439,0.8336927861100921
1056,2013,122,Cameroon,4.42,0.8692403164635589
1057,2013,123,Kenya,4.4030000000000005,0.9607243779592929
1059,2013,125,Tajikistan,4.38,0.788379526966254
1060,2013,126,Haiti,4.341,0.9608233731739708
1061,2013,127,Sierra Leone,4.3180000000000005,0.91696748741062
1062,2013,128,Armenia,4.316,0.9228532775754449
1063,2013,129,Congo (Brazzaville),4.297,0.8272370509243321
1064,2013,130,Egypt,4.273,0.881452185829679
1065,2013,131,Burkina Faso,4.2589999999999995,0.8931155011107414
1066,2013,132,Mali,4.247,0.8980187300961217
1067,2013,133,Liberia,4.196000000000001,0.9179610588492672
1068,2013,134,Georgia,4.187,0.8960750302580163
1069,2013,135,Nepal,4.156000000000001,0.8090010312795152
1070,2013,136,Niger,4.152,0.8456901143079142
1071,2013,137,Sri Lanka,4.151,0.9284276448221873
1073,2013,139,Malawi,4.113,0.8899473683481915
1074,2013,140,Cambodia,4.067,0.8388334095155772
1075,2013,141,Chad,4.056,0.9170868623307604
1076,2013,142,Yemen,4.053999999999999,0.9146219513087436
1077,2013,143,Afghanistan,4.04,0.9521019108826045
1078,2013,144,Bulgaria,3.9810000000000003,0.7803587128232489
1079,2013,145,Botswana,3.97,0.8691715975508476
1080,2013,146,Madagascar,3.966,0.9229056604412074
1081,2013,147,Senegal,3.9589999999999996,0.7948522083164279
1084,2013,150,Guinea,3.847,0.7772816653120549
1085,2013,151,Tanzania,3.77,0.9963571428002083
1086,2013,152,Rwanda,3.715,0.8868064516529526
1087,2013,153,Burundi,3.7060000000000004,0.9816438361129607
1089,2013,155,Benin,3.528,0.6763803577242277
1090,2013,156,Togo,2.9360000000000004,0.701184550921443
1091,2012,1,Denmark,7.835294117999999,1.0
1092,2012,2,Finland,7.576470587999999,0.9702601592490281
1093,2012,3,Norway,7.529411765,0.9835939601567603
1094,2012,4,Netherlands,7.505882353,0.9991856167465387
1095,2012,5,Canada,7.482352941,1.0
1096,2012,6,Switzerland,7.482352941,0.9780853517647059
1097,2012,7,Sweden,7.364705882000001,0.9845863478609627
1098,2012,8,New Zealand,7.364705882000001,1.0
1099,2012,9,Australia,7.317647059,0.9955982393197279
1100,2012,10,Ireland,7.270588235,1.0
1101,2012,11,United States,7.270588235,1.0
1102,2012,12,Costa Rica,7.247058824,0.9986301259473611
1103,2012,13,Austria,7.223529412,0.9802591141267473
1104,2012,14,Israel,7.2,0.9861662785919737
1105,2012,15,Belgium,7.105882352999999,1.0
1106,2012,16,Luxembourg,7.0352941179999995,0.9720613378012136
1107,2012,17,United Arab Emirates,6.9647058820000005,0.9749028390257559
1108,2012,18,United Kingdom,6.917647059,0.9621205923504867
1109,2012,19,Venezuela,6.894117647000001,0.9794171966188381
1110,2012,20,Iceland,6.870588235,0.9086877707975135
1111,2012,21,Panama,6.847058823999999,0.9585690639787203
1112,2012,22,Spain,6.729411765,1.0
1113,2012,23,France,6.729411765,0.9948864229745714
1114,2012,24,Mexico,6.729411765,0.936331120773619
1115,2012,25,Brazil,6.682352941,0.9569458600887871
1116,2012,26,Saudi Arabia,6.564705882,1.0
1118,2012,28,Italy,6.564705882,1.0
1119,2012,29,Kuwait,6.541176471,1.0
1120,2012,30,Germany,6.541176471,0.9244433879727686
1122,2012,32,Turkmenistan,6.541176471,1.0
1123,2012,33,Singapore,6.517647059,0.9587594967637542
1125,2012,35,Cyprus,6.4,0.9897927621404269
1126,2012,36,Czech Republic,6.329411765,0.9158592453602753
1127,2012,37,Guatemala,6.258823529,0.9697588368266246
1128,2012,38,Trinidad and Tobago,6.258823529,0.9600895120417241
1129,2012,39,Argentina,6.235294118,0.9376382132330826
1130,2012,40,Jamaica,6.188235294,1.0
1131,2012,41,Colombia,6.188235294,0.9548272325258448
1132,2012,42,Greece,6.117647058999999,1.0
1133,2012,43,Chile,6.117647058999999,0.9124007545115584
1134,2012,44,Japan,6.047058824,0.9972062704485487
1136,2012,46,Taiwan,5.976470588,0.9258094924029642
1137,2012,47,Malta,5.952941176,0.8789483231820516
1138,2012,48,El Salvador,5.929411765,0.9340156866689214
1139,2012,49,Slovenia,5.905882352999999,0.9281017018741284
1140,2012,50,Uruguay,5.882352941000001,0.8987552239877771
1141,2012,51,Malaysia,5.811764706,0.919292107877254
1142,2012,52,Thailand,5.764705882,0.8904395863453816
1143,2012,53,Poland,5.801324502999999,0.9377696991119359
1144,2012,54,Jordan,5.721854305,1.0
1145,2012,55,Slovakia,5.668874172000001,0.9026007241211587
1146,2012,56,South Korea,5.642384106000001,0.9003325524174246
1147,2012,57,Bolivia,5.642384106000001,0.9579599500848898
1148,2012,58,Croatia,5.642384106000001,0.9797506695606878
1149,2012,59,Kazakhstan,5.589403974,0.9226636323293309
1150,2012,60,Lithuania,5.589403974,0.8992686161548985
1151,2012,61,Bahrain,5.562913907,0.8933107057339638
1152,2012,62,Belarus,5.562913907,0.9569781364183727
1153,2012,63,Honduras,5.562913907,0.9344409788044102
1154,2012,64,Mauritius,5.4834437089999994,0.8987336997033234
1155,2012,65,Vietnam,5.430463576,0.9814682045906381
1156,2012,66,Ecuador,5.430463576,0.900873187790312
1157,2012,67,Hong Kong,5.430463576,0.9832452609089264
1158,2012,68,Kosovo,5.430463576,0.8585441577274906
1160,2012,70,Paraguay,5.40397351,0.9193558200068052
1161,2012,71,Algeria,5.377483444,0.8461815018095987
1162,2012,72,Estonia,5.324503311,0.8842046024025393
1163,2012,73,Portugal,5.324503311,0.9007939918638272
1164,2012,74,Myanmar,5.324503311,1.0
1165,2012,75,Moldova,5.298013245,0.8984251729693064
1166,2012,76,Russia,5.298013245,0.8884812014150821
1167,2012,77,Peru,5.245033113,0.900589476820055
1168,2012,78,Turkey,5.245033113,0.9536423841818181
1169,2012,79,Uzbekistan,5.218543046000001,0.8339528232769796
1170,2012,80,Romania,5.165562914,0.843536227153168
1171,2012,81,Libya,5.165562914,0.8977342568647897
1173,2012,83,Indonesia,5.165562914,0.9567629031302093
1174,2012,84,Iran,5.165562914,1.0
1175,2012,85,Pakistan,5.165562914,0.907305626381939
1176,2012,86,Montenegro,5.165562914,0.9313865209076444
1177,2012,87,Tunisia,5.1390728480000005,1.0
1178,2012,88,Albania,5.1390728480000005,0.9259590717117119
1179,2012,89,Nicaragua,5.112582781,0.83253261374369
1180,2012,90,South Africa,5.112582781,1.0
1181,2012,91,Ukraine,5.086092715,1.0
1182,2012,92,Lebanon,5.033112583,0.9393640505785742
1183,2012,93,Dominican Republic,5.033112583,0.8846784521963655
1184,2012,94,India,4.953642384,1.0
1186,2012,96,Hungary,4.953642384,0.8255520181177199
1188,2012,98,Iraq,4.874172185,1.0
1189,2012,99,Bosnia and Herzegovina,4.874172185,0.8590212107653467
1190,2012,100,Nigeria,4.847682119,0.9202130066438876
1191,2012,101,Egypt,4.847682119,1.0
1192,2012,102,Kyrgyzstan,4.847682119,0.8747960008154412
1193,2012,103,Philippines,4.821192053,0.802729273940288
1194,2012,104,Bangladesh,4.794701987,0.9921168008811444
1195,2012,105,Morocco,4.783783784,0.9105031945184622
1196,2012,106,Latvia,4.756756757,0.7994549428060327
1198,2012,108,Ghana,4.702702703,0.9135009556137774
1199,2012,109,Zambia,4.702702703,0.9168849099239619
1202,2012,112,China,4.675675676,0.8867202514987103
1203,2012,113,Mauritania,4.621621622,0.9713370369903321
1204,2012,114,Malawi,4.621621622,1.0
1205,2012,115,Tajikistan,4.594594595,0.8270055510063488
1206,2012,116,Azerbaijan,4.594594595,0.8683792468342468
1207,2012,117,Botswana,4.567567568,1.0
1208,2012,118,Serbia,4.567567568,0.7904827540458252
1209,2012,119,Mongolia,4.540540541,0.8321799858219755
1210,2012,120,Palestinian Territories,4.540540541,0.9508985236994011
1211,2012,121,Nepal,4.459459459,0.8680720166699202
1212,2012,122,Armenia,4.459459459,0.9535279837703823
1213,2012,123,Yemen,4.432432432,1.0
1215,2012,125,Senegal,4.405405405,0.8844774475103253
1216,2012,126,Cameroon,4.378378378,0.8610549789343719
1218,2012,128,Uganda,4.297297297,0.9672062338510015
1219,2012,129,Madagascar,4.297297297,1.0
1220,2012,130,Sri Lanka,4.243243243,0.949059101543279
1221,2012,131,Afghanistan,4.243243243,1.0
1222,2012,132,Rwanda,4.1891891889999995,1.0
1224,2012,134,Kenya,4.1621621619999996,0.9081741208387815
1226,2012,136,Guinea,4.1621621619999996,0.8409597963551293
1227,2012,137,Niger,4.108108108,0.836750100058716
1228,2012,138,Cambodia,4.108108108,0.8473121049648946
1229,2012,139,Ethiopia,4.054054054,0.8888520179785134
1230,2012,140,Liberia,4.027027027,0.88099475541457
1231,2012,141,Congo (Kinshasa),4.0,0.873743993010048
1232,2012,142,Zimbabwe,3.972972973,0.8230729175471307
1233,2012,143,Mali,3.945945946,0.8343615181198163
1234,2012,144,Burkina Faso,3.918918919,0.8218002428164006
1235,2012,145,Chad,3.918918919,0.886091976122871
1236,2012,146,Georgia,3.891891892,0.8329178755397249
1237,2012,147,Bulgaria,3.891891892,0.76289167226535
1238,2012,148,Congo (Brazzaville),3.810810811,0.7336383283505242
1239,2012,149,Tanzania,3.7837837839999997,1.0
1240,2012,150,Haiti,3.7837837839999997,0.8374908773793713
1242,2012,152,Burundi,3.6756756760000004,0.9736115409864382
1243,2012,153,Sierra Leone,3.5675675680000003,0.7576061762382066
1245,2012,155,Benin,3.4864864860000004,0.6684214786285051
1246,2012,156,Togo,3.0,0.7164692277807659
